latent_id,a,x,split
0,1,0,test
1,1,1,test
2,1,2,test
3,1,3,train
4,1,4,train
5,1,5,test
6,1,6,test
7,1,7,test
8,1,8,train
9,1,9,test
10,1,10,train
11,1,11,test
12,1,12,test
13,1,13,train
14,1,14,train
15,1,15,train
16,1,16,train
17,1,17,test
18,1,18,test
19,1,19,train
20,1,20,test
21,1,21,train
22,1,22,train
23,1,23,test
24,1,24,train
25,1,25,test
26,1,26,train
27,1,27,test
28,1,28,test
29,1,29,test
30,1,30,test
31,1,31,train
32,1,32,test
33,1,33,test
34,1,34,train
35,1,35,test
36,1,36,train
37,1,37,test
38,1,38,test
39,1,39,test
40,1,40,test
41,1,41,test
42,1,42,test
43,1,43,test
44,1,44,test
45,1,45,train
46,1,46,test
47,1,47,test
48,1,48,test
49,1,49,test
50,1,50,test
51,1,51,train
52,1,52,test
53,1,53,test
54,1,54,test
55,1,55,train
56,1,56,test
57,1,57,train
58,1,58,test
59,1,59,test
60,1,60,test
61,1,61,train
62,1,62,test
63,1,63,train
64,1,64,train
65,1,65,train
66,1,66,test
67,1,67,test
68,1,68,test
69,1,69,test
70,1,70,train
71,1,71,train
72,1,72,test
73,1,73,test
74,1,74,test
75,1,75,train
76,1,76,test
77,1,77,test
78,1,78,train
79,1,79,test
80,1,80,train
81,1,81,test
82,1,82,train
83,1,83,train
84,1,84,test
85,1,85,test
86,1,86,test
87,1,87,test
88,1,88,test
89,1,89,train
90,1,90,test
91,1,91,test
92,1,92,test
93,1,93,test
94,1,94,test
95,1,95,test
96,1,96,test
97,1,97,test
98,1,98,train
99,1,99,test
100,1,100,test
101,1,101,test
102,1,102,train
103,1,103,test
104,1,104,test
105,1,105,test
106,1,106,test
107,1,107,test
108,1,108,test
109,1,109,train
110,1,110,test
111,1,111,test
112,1,112,test
113,2,0,train
114,2,1,test
115,2,2,train
116,2,3,test
117,2,4,test
118,2,5,test
119,2,6,test
120,2,7,test
121,2,8,train
122,2,9,test
123,2,10,test
124,2,11,test
125,2,12,test
126,2,13,test
127,2,14,train
128,2,15,test
129,2,16,train
130,2,17,test
131,2,18,train
132,2,19,test
133,2,20,test
134,2,21,test
135,2,22,test
136,2,23,train
137,2,24,train
138,2,25,test
139,2,26,train
140,2,27,train
141,2,28,train
142,2,29,test
143,2,30,test
144,2,31,test
145,2,32,test
146,2,33,train
147,2,34,train
148,2,35,train
149,2,36,test
150,2,37,test
151,2,38,test
152,2,39,test
153,2,40,test
154,2,41,test
155,2,42,train
156,2,43,test
157,2,44,test
158,2,45,test
159,2,46,train
160,2,47,train
161,2,48,test
162,2,49,test
163,2,50,train
164,2,51,train
165,2,52,train
166,2,53,test
167,2,54,test
168,2,55,train
169,2,56,train
170,2,57,train
171,2,58,train
172,2,59,test
173,2,60,train
174,2,61,test
175,2,62,test
176,2,63,test
177,2,64,test
178,2,65,train
179,2,66,train
180,2,67,test
181,2,68,test
182,2,69,test
183,2,70,test
184,2,71,test
185,2,72,test
186,2,73,test
187,2,74,test
188,2,75,test
189,2,76,test
190,2,77,test
191,2,78,train
192,2,79,train
193,2,80,train
194,2,81,test
195,2,82,test
196,2,83,test
197,2,84,test
198,2,85,test
199,2,86,test
200,2,87,test
201,2,88,test
202,2,89,test
203,2,90,test
204,2,91,test
205,2,92,train
206,2,93,train
207,2,94,test
208,2,95,test
209,2,96,train
210,2,97,train
211,2,98,train
212,2,99,train
213,2,100,test
214,2,101,test
215,2,102,test
216,2,103,train
217,2,104,train
218,2,105,train
219,2,106,test
220,2,107,test
221,2,108,train
222,2,109,train
223,2,110,test
224,2,111,test
225,2,112,test
226,3,0,test
227,3,1,train
228,3,2,test
229,3,3,test
230,3,4,test
231,3,5,test
232,3,6,train
233,3,7,test
234,3,8,test
235,3,9,test
236,3,10,train
237,3,11,test
238,3,12,test
239,3,13,test
240,3,14,train
241,3,15,test
242,3,16,train
243,3,17,test
244,3,18,train
245,3,19,train
246,3,20,train
247,3,21,test
248,3,22,train
249,3,23,train
250,3,24,train
251,3,25,test
252,3,26,test
253,3,27,train
254,3,28,train
255,3,29,test
256,3,30,test
257,3,31,test
258,3,32,test
259,3,33,test
260,3,34,test
261,3,35,train
262,3,36,test
263,3,37,train
264,3,38,test
265,3,39,test
266,3,40,test
267,3,41,test
268,3,42,test
269,3,43,test
270,3,44,train
271,3,45,test
272,3,46,test
273,3,47,test
274,3,48,test
275,3,49,test
276,3,50,train
277,3,51,train
278,3,52,test
279,3,53,train
280,3,54,test
281,3,55,train
282,3,56,test
283,3,57,test
284,3,58,test
285,3,59,test
286,3,60,train
287,3,61,test
288,3,62,train
289,3,63,test
290,3,64,train
291,3,65,test
292,3,66,test
293,3,67,test
294,3,68,test
295,3,69,test
296,3,70,train
297,3,71,train
298,3,72,test
299,3,73,test
300,3,74,test
301,3,75,train
302,3,76,test
303,3,77,test
304,3,78,train
305,3,79,train
306,3,80,test
307,3,81,test
308,3,82,test
309,3,83,test
310,3,84,test
311,3,85,test
312,3,86,train
313,3,87,test
314,3,88,train
315,3,89,test
316,3,90,train
317,3,91,test
318,3,92,train
319,3,93,test
320,3,94,test
321,3,95,test
322,3,96,test
323,3,97,test
324,3,98,train
325,3,99,test
326,3,100,test
327,3,101,test
328,3,102,test
329,3,103,train
330,3,104,train
331,3,105,test
332,3,106,test
333,3,107,test
334,3,108,test
335,3,109,train
336,3,110,test
337,3,111,test
338,3,112,train
339,4,0,test
340,4,1,train
341,4,2,test
342,4,3,test
343,4,4,test
344,4,5,test
345,4,6,test
346,4,7,test
347,4,8,test
348,4,9,test
349,4,10,test
350,4,11,test
351,4,12,train
352,4,13,train
353,4,14,test
354,4,15,test
355,4,16,test
356,4,17,test
357,4,18,test
358,4,19,test
359,4,20,test
360,4,21,test
361,4,22,train
362,4,23,test
363,4,24,train
364,4,25,test
365,4,26,train
366,4,27,train
367,4,28,test
368,4,29,train
369,4,30,test
370,4,31,test
371,4,32,train
372,4,33,test
373,4,34,test
374,4,35,train
375,4,36,test
376,4,37,train
377,4,38,test
378,4,39,train
379,4,40,test
380,4,41,test
381,4,42,train
382,4,43,train
383,4,44,train
384,4,45,test
385,4,46,train
386,4,47,train
387,4,48,test
388,4,49,train
389,4,50,test
390,4,51,test
391,4,52,test
392,4,53,train
393,4,54,train
394,4,55,train
395,4,56,train
396,4,57,train
397,4,58,test
398,4,59,train
399,4,60,test
400,4,61,test
401,4,62,test
402,4,63,test
403,4,64,test
404,4,65,train
405,4,66,train
406,4,67,test
407,4,68,train
408,4,69,train
409,4,70,test
410,4,71,test
411,4,72,test
412,4,73,train
413,4,74,test
414,4,75,train
415,4,76,test
416,4,77,test
417,4,78,test
418,4,79,train
419,4,80,train
420,4,81,test
421,4,82,test
422,4,83,test
423,4,84,test
424,4,85,test
425,4,86,train
426,4,87,test
427,4,88,test
428,4,89,train
429,4,90,test
430,4,91,test
431,4,92,train
432,4,93,test
433,4,94,test
434,4,95,test
435,4,96,test
436,4,97,test
437,4,98,test
438,4,99,train
439,4,100,test
440,4,101,test
441,4,102,test
442,4,103,test
443,4,104,test
444,4,105,test
445,4,106,test
446,4,107,test
447,4,108,train
448,4,109,train
449,4,110,test
450,4,111,test
451,4,112,test
452,5,0,test
453,5,1,test
454,5,2,train
455,5,3,train
456,5,4,test
457,5,5,train
458,5,6,test
459,5,7,test
460,5,8,train
461,5,9,test
462,5,10,test
463,5,11,test
464,5,12,test
465,5,13,test
466,5,14,train
467,5,15,train
468,5,16,train
469,5,17,train
470,5,18,test
471,5,19,train
472,5,20,test
473,5,21,train
474,5,22,test
475,5,23,test
476,5,24,test
477,5,25,test
478,5,26,test
479,5,27,test
480,5,28,test
481,5,29,train
482,5,30,train
483,5,31,test
484,5,32,train
485,5,33,test
486,5,34,train
487,5,35,train
488,5,36,test
489,5,37,test
490,5,38,test
491,5,39,test
492,5,40,test
493,5,41,train
494,5,42,test
495,5,43,train
496,5,44,test
497,5,45,test
498,5,46,train
499,5,47,test
500,5,48,test
501,5,49,train
502,5,50,test
503,5,51,test
504,5,52,train
505,5,53,test
506,5,54,train
507,5,55,test
508,5,56,test
509,5,57,test
510,5,58,test
511,5,59,test
512,5,60,train
513,5,61,train
514,5,62,test
515,5,63,test
516,5,64,test
517,5,65,test
518,5,66,test
519,5,67,test
520,5,68,test
521,5,69,train
522,5,70,test
523,5,71,test
524,5,72,test
525,5,73,test
526,5,74,train
527,5,75,test
528,5,76,test
529,5,77,train
530,5,78,test
531,5,79,test
532,5,80,test
533,5,81,train
534,5,82,test
535,5,83,test
536,5,84,test
537,5,85,test
538,5,86,train
539,5,87,test
540,5,88,train
541,5,89,test
542,5,90,test
543,5,91,train
544,5,92,train
545,5,93,test
546,5,94,test
547,5,95,test
548,5,96,test
549,5,97,train
550,5,98,test
551,5,99,test
552,5,100,train
553,5,101,test
554,5,102,test
555,5,103,test
556,5,104,test
557,5,105,test
558,5,106,test
559,5,107,test
560,5,108,test
561,5,109,train
562,5,110,test
563,5,111,test
564,5,112,test
565,6,0,train
566,6,1,train
567,6,2,test
568,6,3,test
569,6,4,train
570,6,5,test
571,6,6,test
572,6,7,train
573,6,8,train
574,6,9,test
575,6,10,test
576,6,11,test
577,6,12,test
578,6,13,test
579,6,14,test
580,6,15,test
581,6,16,test
582,6,17,train
583,6,18,test
584,6,19,test
585,6,20,train
586,6,21,test
587,6,22,test
588,6,23,test
589,6,24,train
590,6,25,test
591,6,26,train
592,6,27,test
593,6,28,test
594,6,29,test
595,6,30,test
596,6,31,train
597,6,32,test
598,6,33,train
599,6,34,test
600,6,35,test
601,6,36,test
602,6,37,test
603,6,38,train
604,6,39,train
605,6,40,test
606,6,41,test
607,6,42,train
608,6,43,train
609,6,44,test
610,6,45,test
611,6,46,test
612,6,47,test
613,6,48,test
614,6,49,train
615,6,50,train
616,6,51,test
617,6,52,test
618,6,53,test
619,6,54,train
620,6,55,test
621,6,56,test
622,6,57,test
623,6,58,train
624,6,59,train
625,6,60,test
626,6,61,test
627,6,62,test
628,6,63,test
629,6,64,test
630,6,65,test
631,6,66,test
632,6,67,test
633,6,68,train
634,6,69,test
635,6,70,test
636,6,71,test
637,6,72,test
638,6,73,test
639,6,74,test
640,6,75,test
641,6,76,test
642,6,77,test
643,6,78,test
644,6,79,train
645,6,80,test
646,6,81,test
647,6,82,test
648,6,83,test
649,6,84,train
650,6,85,test
651,6,86,test
652,6,87,test
653,6,88,test
654,6,89,train
655,6,90,test
656,6,91,test
657,6,92,test
658,6,93,train
659,6,94,test
660,6,95,test
661,6,96,test
662,6,97,train
663,6,98,test
664,6,99,train
665,6,100,train
666,6,101,train
667,6,102,train
668,6,103,train
669,6,104,train
670,6,105,train
671,6,106,test
672,6,107,test
673,6,108,test
674,6,109,test
675,6,110,test
676,6,111,test
677,6,112,train
678,7,0,train
679,7,1,train
680,7,2,test
681,7,3,test
682,7,4,train
683,7,5,train
684,7,6,test
685,7,7,test
686,7,8,test
687,7,9,train
688,7,10,train
689,7,11,test
690,7,12,test
691,7,13,test
692,7,14,train
693,7,15,test
694,7,16,train
695,7,17,test
696,7,18,test
697,7,19,test
698,7,20,test
699,7,21,test
700,7,22,train
701,7,23,train
702,7,24,test
703,7,25,train
704,7,26,train
705,7,27,test
706,7,28,train
707,7,29,test
708,7,30,test
709,7,31,train
710,7,32,test
711,7,33,test
712,7,34,train
713,7,35,test
714,7,36,train
715,7,37,test
716,7,38,test
717,7,39,test
718,7,40,test
719,7,41,test
720,7,42,test
721,7,43,test
722,7,44,test
723,7,45,train
724,7,46,test
725,7,47,test
726,7,48,test
727,7,49,test
728,7,50,train
729,7,51,train
730,7,52,test
731,7,53,test
732,7,54,test
733,7,55,test
734,7,56,train
735,7,57,train
736,7,58,train
737,7,59,test
738,7,60,test
739,7,61,train
740,7,62,test
741,7,63,test
742,7,64,test
743,7,65,test
744,7,66,test
745,7,67,test
746,7,68,test
747,7,69,test
748,7,70,test
749,7,71,test
750,7,72,test
751,7,73,test
752,7,74,test
753,7,75,test
754,7,76,train
755,7,77,train
756,7,78,train
757,7,79,test
758,7,80,test
759,7,81,train
760,7,82,train
761,7,83,test
762,7,84,test
763,7,85,test
764,7,86,train
765,7,87,train
766,7,88,train
767,7,89,train
768,7,90,test
769,7,91,test
770,7,92,train
771,7,93,test
772,7,94,test
773,7,95,train
774,7,96,test
775,7,97,train
776,7,98,test
777,7,99,train
778,7,100,train
779,7,101,train
780,7,102,train
781,7,103,test
782,7,104,test
783,7,105,test
784,7,106,train
785,7,107,test
786,7,108,test
787,7,109,train
788,7,110,test
789,7,111,test
790,7,112,test
791,8,0,train
792,8,1,train
793,8,2,test
794,8,3,test
795,8,4,test
796,8,5,test
797,8,6,test
798,8,7,train
799,8,8,test
800,8,9,test
801,8,10,train
802,8,11,test
803,8,12,test
804,8,13,test
805,8,14,test
806,8,15,train
807,8,16,test
808,8,17,test
809,8,18,train
810,8,19,test
811,8,20,test
812,8,21,test
813,8,22,test
814,8,23,train
815,8,24,test
816,8,25,train
817,8,26,train
818,8,27,test
819,8,28,test
820,8,29,test
821,8,30,test
822,8,31,test
823,8,32,test
824,8,33,test
825,8,34,test
826,8,35,train
827,8,36,test
828,8,37,test
829,8,38,test
830,8,39,train
831,8,40,test
832,8,41,test
833,8,42,test
834,8,43,train
835,8,44,train
836,8,45,train
837,8,46,test
838,8,47,test
839,8,48,test
840,8,49,train
841,8,50,test
842,8,51,test
843,8,52,test
844,8,53,test
845,8,54,test
846,8,55,test
847,8,56,train
848,8,57,test
849,8,58,train
850,8,59,train
851,8,60,test
852,8,61,test
853,8,62,test
854,8,63,test
855,8,64,test
856,8,65,train
857,8,66,test
858,8,67,test
859,8,68,train
860,8,69,test
861,8,70,test
862,8,71,test
863,8,72,train
864,8,73,test
865,8,74,train
866,8,75,train
867,8,76,test
868,8,77,train
869,8,78,test
870,8,79,test
871,8,80,test
872,8,81,test
873,8,82,test
874,8,83,test
875,8,84,train
876,8,85,test
877,8,86,test
878,8,87,test
879,8,88,test
880,8,89,train
881,8,90,train
882,8,91,test
883,8,92,test
884,8,93,train
885,8,94,test
886,8,95,train
887,8,96,test
888,8,97,test
889,8,98,test
890,8,99,test
891,8,100,test
892,8,101,test
893,8,102,test
894,8,103,test
895,8,104,test
896,8,105,test
897,8,106,test
898,8,107,test
899,8,108,train
900,8,109,train
901,8,110,test
902,8,111,test
903,8,112,test
904,9,0,test
905,9,1,train
906,9,2,train
907,9,3,test
908,9,4,test
909,9,5,test
910,9,6,test
911,9,7,test
912,9,8,train
913,9,9,test
914,9,10,train
915,9,11,test
916,9,12,test
917,9,13,test
918,9,14,train
919,9,15,test
920,9,16,test
921,9,17,test
922,9,18,train
923,9,19,test
924,9,20,test
925,9,21,test
926,9,22,train
927,9,23,test
928,9,24,test
929,9,25,train
930,9,26,test
931,9,27,test
932,9,28,test
933,9,29,test
934,9,30,train
935,9,31,test
936,9,32,test
937,9,33,test
938,9,34,test
939,9,35,test
940,9,36,train
941,9,37,train
942,9,38,train
943,9,39,train
944,9,40,test
945,9,41,test
946,9,42,train
947,9,43,test
948,9,44,test
949,9,45,test
950,9,46,test
951,9,47,train
952,9,48,test
953,9,49,train
954,9,50,test
955,9,51,train
956,9,52,train
957,9,53,test
958,9,54,test
959,9,55,test
960,9,56,test
961,9,57,train
962,9,58,test
963,9,59,test
964,9,60,test
965,9,61,test
966,9,62,test
967,9,63,train
968,9,64,test
969,9,65,test
970,9,66,train
971,9,67,test
972,9,68,test
973,9,69,train
974,9,70,test
975,9,71,test
976,9,72,test
977,9,73,test
978,9,74,train
979,9,75,test
980,9,76,test
981,9,77,test
982,9,78,test
983,9,79,train
984,9,80,train
985,9,81,train
986,9,82,test
987,9,83,test
988,9,84,train
989,9,85,test
990,9,86,test
991,9,87,train
992,9,88,test
993,9,89,test
994,9,90,train
995,9,91,test
996,9,92,test
997,9,93,test
998,9,94,test
999,9,95,test
1000,9,96,test
1001,9,97,train
1002,9,98,train
1003,9,99,train
1004,9,100,train
1005,9,101,test
1006,9,102,train
1007,9,103,train
1008,9,104,train
1009,9,105,test
1010,9,106,test
1011,9,107,test
1012,9,108,test
1013,9,109,test
1014,9,110,test
1015,9,111,train
1016,9,112,train
1017,10,0,test
1018,10,1,train
1019,10,2,train
1020,10,3,test
1021,10,4,train
1022,10,5,test
1023,10,6,train
1024,10,7,test
1025,10,8,test
1026,10,9,test
1027,10,10,train
1028,10,11,test
1029,10,12,test
1030,10,13,test
1031,10,14,test
1032,10,15,train
1033,10,16,test
1034,10,17,train
1035,10,18,test
1036,10,19,test
1037,10,20,test
1038,10,21,test
1039,10,22,test
1040,10,23,test
1041,10,24,test
1042,10,25,test
1043,10,26,test
1044,10,27,test
1045,10,28,test
1046,10,29,test
1047,10,30,test
1048,10,31,train
1049,10,32,test
1050,10,33,test
1051,10,34,test
1052,10,35,test
1053,10,36,train
1054,10,37,test
1055,10,38,train
1056,10,39,test
1057,10,40,train
1058,10,41,test
1059,10,42,train
1060,10,43,train
1061,10,44,train
1062,10,45,test
1063,10,46,test
1064,10,47,test
1065,10,48,test
1066,10,49,test
1067,10,50,test
1068,10,51,test
1069,10,52,test
1070,10,53,test
1071,10,54,train
1072,10,55,test
1073,10,56,train
1074,10,57,test
1075,10,58,test
1076,10,59,test
1077,10,60,test
1078,10,61,train
1079,10,62,test
1080,10,63,test
1081,10,64,test
1082,10,65,test
1083,10,66,test
1084,10,67,test
1085,10,68,test
1086,10,69,test
1087,10,70,test
1088,10,71,train
1089,10,72,train
1090,10,73,train
1091,10,74,train
1092,10,75,test
1093,10,76,train
1094,10,77,train
1095,10,78,train
1096,10,79,test
1097,10,80,test
1098,10,81,test
1099,10,82,test
1100,10,83,test
1101,10,84,test
1102,10,85,test
1103,10,86,test
1104,10,87,test
1105,10,88,train
1106,10,89,test
1107,10,90,test
1108,10,91,test
1109,10,92,test
1110,10,93,test
1111,10,94,train
1112,10,95,test
1113,10,96,test
1114,10,97,train
1115,10,98,train
1116,10,99,test
1117,10,100,test
1118,10,101,test
1119,10,102,test
1120,10,103,test
1121,10,104,test
1122,10,105,test
1123,10,106,train
1124,10,107,test
1125,10,108,test
1126,10,109,test
1127,10,110,test
1128,10,111,train
1129,10,112,test
1130,11,0,test
1131,11,1,test
1132,11,2,train
1133,11,3,test
1134,11,4,train
1135,11,5,test
1136,11,6,train
1137,11,7,test
1138,11,8,test
1139,11,9,test
1140,11,10,test
1141,11,11,train
1142,11,12,test
1143,11,13,test
1144,11,14,train
1145,11,15,train
1146,11,16,test
1147,11,17,train
1148,11,18,train
1149,11,19,test
1150,11,20,train
1151,11,21,train
1152,11,22,train
1153,11,23,train
1154,11,24,test
1155,11,25,train
1156,11,26,train
1157,11,27,test
1158,11,28,test
1159,11,29,test
1160,11,30,test
1161,11,31,train
1162,11,32,train
1163,11,33,test
1164,11,34,train
1165,11,35,test
1166,11,36,test
1167,11,37,train
1168,11,38,train
1169,11,39,test
1170,11,40,train
1171,11,41,train
1172,11,42,test
1173,11,43,test
1174,11,44,test
1175,11,45,train
1176,11,46,test
1177,11,47,test
1178,11,48,test
1179,11,49,test
1180,11,50,test
1181,11,51,train
1182,11,52,train
1183,11,53,train
1184,11,54,test
1185,11,55,train
1186,11,56,test
1187,11,57,test
1188,11,58,test
1189,11,59,test
1190,11,60,test
1191,11,61,train
1192,11,62,test
1193,11,63,test
1194,11,64,test
1195,11,65,test
1196,11,66,test
1197,11,67,test
1198,11,68,train
1199,11,69,test
1200,11,70,test
1201,11,71,test
1202,11,72,train
1203,11,73,test
1204,11,74,test
1205,11,75,train
1206,11,76,train
1207,11,77,test
1208,11,78,test
1209,11,79,test
1210,11,80,test
1211,11,81,test
1212,11,82,test
1213,11,83,test
1214,11,84,test
1215,11,85,test
1216,11,86,train
1217,11,87,test
1218,11,88,test
1219,11,89,test
1220,11,90,test
1221,11,91,train
1222,11,92,test
1223,11,93,test
1224,11,94,train
1225,11,95,test
1226,11,96,test
1227,11,97,train
1228,11,98,test
1229,11,99,test
1230,11,100,test
1231,11,101,train
1232,11,102,test
1233,11,103,test
1234,11,104,test
1235,11,105,test
1236,11,106,train
1237,11,107,test
1238,11,108,test
1239,11,109,train
1240,11,110,train
1241,11,111,test
1242,11,112,test
1243,12,0,train
1244,12,1,test
1245,12,2,test
1246,12,3,test
1247,12,4,train
1248,12,5,test
1249,12,6,train
1250,12,7,train
1251,12,8,test
1252,12,9,train
1253,12,10,train
1254,12,11,test
1255,12,12,train
1256,12,13,train
1257,12,14,test
1258,12,15,train
1259,12,16,test
1260,12,17,test
1261,12,18,test
1262,12,19,test
1263,12,20,test
1264,12,21,test
1265,12,22,train
1266,12,23,test
1267,12,24,test
1268,12,25,test
1269,12,26,test
1270,12,27,train
1271,12,28,train
1272,12,29,test
1273,12,30,train
1274,12,31,test
1275,12,32,test
1276,12,33,test
1277,12,34,test
1278,12,35,test
1279,12,36,test
1280,12,37,test
1281,12,38,train
1282,12,39,train
1283,12,40,test
1284,12,41,test
1285,12,42,test
1286,12,43,test
1287,12,44,train
1288,12,45,test
1289,12,46,test
1290,12,47,test
1291,12,48,test
1292,12,49,test
1293,12,50,test
1294,12,51,test
1295,12,52,test
1296,12,53,test
1297,12,54,train
1298,12,55,test
1299,12,56,test
1300,12,57,train
1301,12,58,train
1302,12,59,test
1303,12,60,train
1304,12,61,test
1305,12,62,test
1306,12,63,train
1307,12,64,test
1308,12,65,test
1309,12,66,test
1310,12,67,train
1311,12,68,test
1312,12,69,test
1313,12,70,test
1314,12,71,test
1315,12,72,test
1316,12,73,test
1317,12,74,test
1318,12,75,test
1319,12,76,test
1320,12,77,test
1321,12,78,test
1322,12,79,train
1323,12,80,test
1324,12,81,test
1325,12,82,test
1326,12,83,test
1327,12,84,test
1328,12,85,test
1329,12,86,train
1330,12,87,test
1331,12,88,test
1332,12,89,train
1333,12,90,train
1334,12,91,test
1335,12,92,test
1336,12,93,test
1337,12,94,test
1338,12,95,test
1339,12,96,train
1340,12,97,train
1341,12,98,test
1342,12,99,test
1343,12,100,test
1344,12,101,test
1345,12,102,train
1346,12,103,train
1347,12,104,train
1348,12,105,test
1349,12,106,test
1350,12,107,test
1351,12,108,test
1352,12,109,train
1353,12,110,test
1354,12,111,test
1355,12,112,train
1356,13,0,test
1357,13,1,train
1358,13,2,test
1359,13,3,test
1360,13,4,train
1361,13,5,train
1362,13,6,test
1363,13,7,test
1364,13,8,train
1365,13,9,test
1366,13,10,test
1367,13,11,test
1368,13,12,train
1369,13,13,test
1370,13,14,test
1371,13,15,test
1372,13,16,test
1373,13,17,test
1374,13,18,test
1375,13,19,test
1376,13,20,test
1377,13,21,train
1378,13,22,train
1379,13,23,train
1380,13,24,test
1381,13,25,test
1382,13,26,test
1383,13,27,train
1384,13,28,train
1385,13,29,test
1386,13,30,test
1387,13,31,test
1388,13,32,test
1389,13,33,test
1390,13,34,test
1391,13,35,test
1392,13,36,test
1393,13,37,train
1394,13,38,train
1395,13,39,test
1396,13,40,train
1397,13,41,test
1398,13,42,test
1399,13,43,test
1400,13,44,train
1401,13,45,train
1402,13,46,test
1403,13,47,test
1404,13,48,test
1405,13,49,train
1406,13,50,test
1407,13,51,test
1408,13,52,train
1409,13,53,train
1410,13,54,test
1411,13,55,test
1412,13,56,test
1413,13,57,train
1414,13,58,train
1415,13,59,test
1416,13,60,test
1417,13,61,test
1418,13,62,train
1419,13,63,test
1420,13,64,test
1421,13,65,test
1422,13,66,test
1423,13,67,test
1424,13,68,test
1425,13,69,test
1426,13,70,train
1427,13,71,train
1428,13,72,train
1429,13,73,test
1430,13,74,test
1431,13,75,test
1432,13,76,test
1433,13,77,test
1434,13,78,train
1435,13,79,test
1436,13,80,test
1437,13,81,test
1438,13,82,test
1439,13,83,test
1440,13,84,test
1441,13,85,test
1442,13,86,test
1443,13,87,test
1444,13,88,test
1445,13,89,train
1446,13,90,test
1447,13,91,train
1448,13,92,test
1449,13,93,train
1450,13,94,test
1451,13,95,test
1452,13,96,train
1453,13,97,test
1454,13,98,train
1455,13,99,train
1456,13,100,test
1457,13,101,test
1458,13,102,test
1459,13,103,train
1460,13,104,test
1461,13,105,test
1462,13,106,test
1463,13,107,test
1464,13,108,test
1465,13,109,test
1466,13,110,test
1467,13,111,test
1468,13,112,test
1469,14,0,test
1470,14,1,train
1471,14,2,train
1472,14,3,test
1473,14,4,test
1474,14,5,test
1475,14,6,test
1476,14,7,test
1477,14,8,test
1478,14,9,test
1479,14,10,test
1480,14,11,test
1481,14,12,test
1482,14,13,train
1483,14,14,train
1484,14,15,train
1485,14,16,test
1486,14,17,test
1487,14,18,test
1488,14,19,test
1489,14,20,test
1490,14,21,train
1491,14,22,train
1492,14,23,train
1493,14,24,test
1494,14,25,test
1495,14,26,train
1496,14,27,test
1497,14,28,test
1498,14,29,test
1499,14,30,test
1500,14,31,train
1501,14,32,test
1502,14,33,test
1503,14,34,test
1504,14,35,train
1505,14,36,test
1506,14,37,test
1507,14,38,test
1508,14,39,test
1509,14,40,test
1510,14,41,train
1511,14,42,test
1512,14,43,test
1513,14,44,test
1514,14,45,test
1515,14,46,test
1516,14,47,test
1517,14,48,train
1518,14,49,train
1519,14,50,test
1520,14,51,train
1521,14,52,train
1522,14,53,test
1523,14,54,test
1524,14,55,test
1525,14,56,test
1526,14,57,test
1527,14,58,test
1528,14,59,test
1529,14,60,test
1530,14,61,test
1531,14,62,test
1532,14,63,train
1533,14,64,test
1534,14,65,test
1535,14,66,test
1536,14,67,train
1537,14,68,train
1538,14,69,test
1539,14,70,test
1540,14,71,test
1541,14,72,test
1542,14,73,test
1543,14,74,test
1544,14,75,test
1545,14,76,test
1546,14,77,test
1547,14,78,train
1548,14,79,test
1549,14,80,train
1550,14,81,train
1551,14,82,test
1552,14,83,test
1553,14,84,train
1554,14,85,test
1555,14,86,test
1556,14,87,test
1557,14,88,test
1558,14,89,test
1559,14,90,test
1560,14,91,test
1561,14,92,test
1562,14,93,test
1563,14,94,train
1564,14,95,test
1565,14,96,test
1566,14,97,train
1567,14,98,train
1568,14,99,train
1569,14,100,test
1570,14,101,train
1571,14,102,test
1572,14,103,test
1573,14,104,train
1574,14,105,test
1575,14,106,test
1576,14,107,train
1577,14,108,test
1578,14,109,test
1579,14,110,train
1580,14,111,test
1581,14,112,test
1582,15,0,test
1583,15,1,test
1584,15,2,test
1585,15,3,test
1586,15,4,test
1587,15,5,test
1588,15,6,test
1589,15,7,test
1590,15,8,test
1591,15,9,test
1592,15,10,test
1593,15,11,test
1594,15,12,train
1595,15,13,test
1596,15,14,test
1597,15,15,test
1598,15,16,test
1599,15,17,test
1600,15,18,test
1601,15,19,train
1602,15,20,test
1603,15,21,test
1604,15,22,test
1605,15,23,train
1606,15,24,test
1607,15,25,train
1608,15,26,test
1609,15,27,test
1610,15,28,train
1611,15,29,test
1612,15,30,test
1613,15,31,train
1614,15,32,train
1615,15,33,test
1616,15,34,train
1617,15,35,test
1618,15,36,train
1619,15,37,train
1620,15,38,train
1621,15,39,train
1622,15,40,test
1623,15,41,test
1624,15,42,test
1625,15,43,test
1626,15,44,train
1627,15,45,test
1628,15,46,test
1629,15,47,test
1630,15,48,test
1631,15,49,test
1632,15,50,test
1633,15,51,test
1634,15,52,train
1635,15,53,test
1636,15,54,train
1637,15,55,test
1638,15,56,test
1639,15,57,test
1640,15,58,test
1641,15,59,test
1642,15,60,test
1643,15,61,test
1644,15,62,test
1645,15,63,test
1646,15,64,test
1647,15,65,test
1648,15,66,test
1649,15,67,train
1650,15,68,train
1651,15,69,train
1652,15,70,test
1653,15,71,test
1654,15,72,test
1655,15,73,test
1656,15,74,test
1657,15,75,test
1658,15,76,train
1659,15,77,test
1660,15,78,test
1661,15,79,test
1662,15,80,train
1663,15,81,test
1664,15,82,test
1665,15,83,train
1666,15,84,train
1667,15,85,test
1668,15,86,test
1669,15,87,test
1670,15,88,train
1671,15,89,test
1672,15,90,test
1673,15,91,test
1674,15,92,test
1675,15,93,test
1676,15,94,test
1677,15,95,test
1678,15,96,test
1679,15,97,test
1680,15,98,test
1681,15,99,test
1682,15,100,test
1683,15,101,train
1684,15,102,test
1685,15,103,test
1686,15,104,test
1687,15,105,train
1688,15,106,test
1689,15,107,train
1690,15,108,test
1691,15,109,test
1692,15,110,test
1693,15,111,test
1694,15,112,train
1695,16,0,test
1696,16,1,test
1697,16,2,test
1698,16,3,test
1699,16,4,test
1700,16,5,test
1701,16,6,train
1702,16,7,test
1703,16,8,test
1704,16,9,test
1705,16,10,test
1706,16,11,test
1707,16,12,test
1708,16,13,train
1709,16,14,test
1710,16,15,train
1711,16,16,train
1712,16,17,test
1713,16,18,test
1714,16,19,train
1715,16,20,test
1716,16,21,test
1717,16,22,test
1718,16,23,test
1719,16,24,test
1720,16,25,test
1721,16,26,train
1722,16,27,train
1723,16,28,test
1724,16,29,test
1725,16,30,test
1726,16,31,test
1727,16,32,test
1728,16,33,test
1729,16,34,test
1730,16,35,test
1731,16,36,test
1732,16,37,test
1733,16,38,train
1734,16,39,test
1735,16,40,test
1736,16,41,train
1737,16,42,train
1738,16,43,train
1739,16,44,test
1740,16,45,train
1741,16,46,test
1742,16,47,test
1743,16,48,test
1744,16,49,test
1745,16,50,test
1746,16,51,test
1747,16,52,test
1748,16,53,train
1749,16,54,train
1750,16,55,train
1751,16,56,train
1752,16,57,test
1753,16,58,test
1754,16,59,train
1755,16,60,test
1756,16,61,test
1757,16,62,train
1758,16,63,test
1759,16,64,test
1760,16,65,train
1761,16,66,test
1762,16,67,train
1763,16,68,train
1764,16,69,train
1765,16,70,test
1766,16,71,test
1767,16,72,train
1768,16,73,test
1769,16,74,train
1770,16,75,test
1771,16,76,test
1772,16,77,train
1773,16,78,test
1774,16,79,test
1775,16,80,test
1776,16,81,test
1777,16,82,test
1778,16,83,train
1779,16,84,test
1780,16,85,test
1781,16,86,test
1782,16,87,test
1783,16,88,train
1784,16,89,test
1785,16,90,test
1786,16,91,test
1787,16,92,train
1788,16,93,train
1789,16,94,test
1790,16,95,test
1791,16,96,test
1792,16,97,test
1793,16,98,train
1794,16,99,train
1795,16,100,test
1796,16,101,test
1797,16,102,test
1798,16,103,train
1799,16,104,train
1800,16,105,test
1801,16,106,test
1802,16,107,train
1803,16,108,train
1804,16,109,train
1805,16,110,test
1806,16,111,test
1807,16,112,test
1808,17,0,test
1809,17,1,test
1810,17,2,train
1811,17,3,test
1812,17,4,test
1813,17,5,train
1814,17,6,test
1815,17,7,train
1816,17,8,test
1817,17,9,test
1818,17,10,train
1819,17,11,test
1820,17,12,train
1821,17,13,test
1822,17,14,train
1823,17,15,test
1824,17,16,test
1825,17,17,test
1826,17,18,train
1827,17,19,test
1828,17,20,train
1829,17,21,test
1830,17,22,train
1831,17,23,train
1832,17,24,test
1833,17,25,test
1834,17,26,train
1835,17,27,train
1836,17,28,train
1837,17,29,test
1838,17,30,test
1839,17,31,test
1840,17,32,train
1841,17,33,train
1842,17,34,train
1843,17,35,test
1844,17,36,train
1845,17,37,test
1846,17,38,test
1847,17,39,test
1848,17,40,test
1849,17,41,test
1850,17,42,test
1851,17,43,train
1852,17,44,test
1853,17,45,test
1854,17,46,test
1855,17,47,train
1856,17,48,test
1857,17,49,test
1858,17,50,test
1859,17,51,train
1860,17,52,test
1861,17,53,train
1862,17,54,test
1863,17,55,test
1864,17,56,test
1865,17,57,test
1866,17,58,train
1867,17,59,test
1868,17,60,test
1869,17,61,test
1870,17,62,train
1871,17,63,test
1872,17,64,test
1873,17,65,train
1874,17,66,test
1875,17,67,train
1876,17,68,test
1877,17,69,test
1878,17,70,test
1879,17,71,test
1880,17,72,test
1881,17,73,test
1882,17,74,test
1883,17,75,test
1884,17,76,test
1885,17,77,test
1886,17,78,test
1887,17,79,test
1888,17,80,train
1889,17,81,test
1890,17,82,test
1891,17,83,test
1892,17,84,test
1893,17,85,test
1894,17,86,test
1895,17,87,train
1896,17,88,train
1897,17,89,test
1898,17,90,test
1899,17,91,test
1900,17,92,test
1901,17,93,test
1902,17,94,test
1903,17,95,test
1904,17,96,test
1905,17,97,train
1906,17,98,test
1907,17,99,test
1908,17,100,test
1909,17,101,train
1910,17,102,train
1911,17,103,test
1912,17,104,test
1913,17,105,train
1914,17,106,test
1915,17,107,train
1916,17,108,test
1917,17,109,test
1918,17,110,train
1919,17,111,train
1920,17,112,train
1921,18,0,test
1922,18,1,test
1923,18,2,test
1924,18,3,test
1925,18,4,train
1926,18,5,train
1927,18,6,test
1928,18,7,test
1929,18,8,test
1930,18,9,test
1931,18,10,test
1932,18,11,train
1933,18,12,test
1934,18,13,test
1935,18,14,train
1936,18,15,test
1937,18,16,train
1938,18,17,train
1939,18,18,test
1940,18,19,test
1941,18,20,train
1942,18,21,test
1943,18,22,test
1944,18,23,test
1945,18,24,test
1946,18,25,test
1947,18,26,train
1948,18,27,test
1949,18,28,test
1950,18,29,train
1951,18,30,train
1952,18,31,train
1953,18,32,test
1954,18,33,test
1955,18,34,train
1956,18,35,test
1957,18,36,train
1958,18,37,test
1959,18,38,test
1960,18,39,train
1961,18,40,train
1962,18,41,test
1963,18,42,test
1964,18,43,test
1965,18,44,test
1966,18,45,train
1967,18,46,train
1968,18,47,test
1969,18,48,test
1970,18,49,test
1971,18,50,test
1972,18,51,train
1973,18,52,train
1974,18,53,train
1975,18,54,test
1976,18,55,test
1977,18,56,train
1978,18,57,test
1979,18,58,train
1980,18,59,test
1981,18,60,test
1982,18,61,test
1983,18,62,test
1984,18,63,train
1985,18,64,test
1986,18,65,train
1987,18,66,train
1988,18,67,test
1989,18,68,test
1990,18,69,test
1991,18,70,test
1992,18,71,test
1993,18,72,train
1994,18,73,train
1995,18,74,test
1996,18,75,test
1997,18,76,test
1998,18,77,train
1999,18,78,train
2000,18,79,test
2001,18,80,test
2002,18,81,test
2003,18,82,train
2004,18,83,test
2005,18,84,test
2006,18,85,train
2007,18,86,test
2008,18,87,test
2009,18,88,test
2010,18,89,train
2011,18,90,test
2012,18,91,test
2013,18,92,test
2014,18,93,train
2015,18,94,train
2016,18,95,test
2017,18,96,test
2018,18,97,train
2019,18,98,train
2020,18,99,test
2021,18,100,test
2022,18,101,train
2023,18,102,train
2024,18,103,test
2025,18,104,train
2026,18,105,test
2027,18,106,train
2028,18,107,test
2029,18,108,test
2030,18,109,test
2031,18,110,train
2032,18,111,train
2033,18,112,test
2034,19,0,test
2035,19,1,test
2036,19,2,train
2037,19,3,test
2038,19,4,train
2039,19,5,test
2040,19,6,train
2041,19,7,test
2042,19,8,test
2043,19,9,train
2044,19,10,train
2045,19,11,test
2046,19,12,test
2047,19,13,test
2048,19,14,test
2049,19,15,test
2050,19,16,test
2051,19,17,train
2052,19,18,test
2053,19,19,test
2054,19,20,train
2055,19,21,test
2056,19,22,train
2057,19,23,train
2058,19,24,test
2059,19,25,test
2060,19,26,test
2061,19,27,test
2062,19,28,train
2063,19,29,test
2064,19,30,test
2065,19,31,train
2066,19,32,train
2067,19,33,test
2068,19,34,test
2069,19,35,train
2070,19,36,test
2071,19,37,train
2072,19,38,test
2073,19,39,test
2074,19,40,train
2075,19,41,test
2076,19,42,test
2077,19,43,test
2078,19,44,test
2079,19,45,test
2080,19,46,train
2081,19,47,test
2082,19,48,train
2083,19,49,test
2084,19,50,test
2085,19,51,test
2086,19,52,test
2087,19,53,train
2088,19,54,test
2089,19,55,test
2090,19,56,train
2091,19,57,test
2092,19,58,test
2093,19,59,test
2094,19,60,train
2095,19,61,train
2096,19,62,test
2097,19,63,train
2098,19,64,train
2099,19,65,test
2100,19,66,test
2101,19,67,test
2102,19,68,test
2103,19,69,test
2104,19,70,test
2105,19,71,train
2106,19,72,train
2107,19,73,train
2108,19,74,test
2109,19,75,train
2110,19,76,test
2111,19,77,test
2112,19,78,test
2113,19,79,test
2114,19,80,test
2115,19,81,test
2116,19,82,test
2117,19,83,train
2118,19,84,test
2119,19,85,train
2120,19,86,test
2121,19,87,test
2122,19,88,train
2123,19,89,train
2124,19,90,train
2125,19,91,train
2126,19,92,test
2127,19,93,test
2128,19,94,test
2129,19,95,test
2130,19,96,train
2131,19,97,test
2132,19,98,train
2133,19,99,test
2134,19,100,test
2135,19,101,train
2136,19,102,train
2137,19,103,test
2138,19,104,test
2139,19,105,test
2140,19,106,test
2141,19,107,test
2142,19,108,test
2143,19,109,test
2144,19,110,test
2145,19,111,train
2146,19,112,test
2147,20,0,test
2148,20,1,train
2149,20,2,test
2150,20,3,test
2151,20,4,test
2152,20,5,train
2153,20,6,test
2154,20,7,test
2155,20,8,test
2156,20,9,test
2157,20,10,test
2158,20,11,train
2159,20,12,test
2160,20,13,train
2161,20,14,test
2162,20,15,test
2163,20,16,train
2164,20,17,test
2165,20,18,test
2166,20,19,test
2167,20,20,test
2168,20,21,test
2169,20,22,train
2170,20,23,test
2171,20,24,test
2172,20,25,test
2173,20,26,train
2174,20,27,test
2175,20,28,train
2176,20,29,train
2177,20,30,test
2178,20,31,test
2179,20,32,train
2180,20,33,train
2181,20,34,test
2182,20,35,test
2183,20,36,test
2184,20,37,test
2185,20,38,test
2186,20,39,test
2187,20,40,test
2188,20,41,test
2189,20,42,train
2190,20,43,test
2191,20,44,test
2192,20,45,test
2193,20,46,train
2194,20,47,test
2195,20,48,train
2196,20,49,test
2197,20,50,train
2198,20,51,test
2199,20,52,train
2200,20,53,test
2201,20,54,test
2202,20,55,test
2203,20,56,train
2204,20,57,test
2205,20,58,test
2206,20,59,test
2207,20,60,train
2208,20,61,train
2209,20,62,test
2210,20,63,test
2211,20,64,test
2212,20,65,train
2213,20,66,train
2214,20,67,test
2215,20,68,train
2216,20,69,train
2217,20,70,train
2218,20,71,test
2219,20,72,test
2220,20,73,test
2221,20,74,test
2222,20,75,test
2223,20,76,test
2224,20,77,test
2225,20,78,train
2226,20,79,train
2227,20,80,test
2228,20,81,train
2229,20,82,test
2230,20,83,test
2231,20,84,test
2232,20,85,train
2233,20,86,test
2234,20,87,train
2235,20,88,test
2236,20,89,test
2237,20,90,train
2238,20,91,train
2239,20,92,test
2240,20,93,test
2241,20,94,test
2242,20,95,test
2243,20,96,test
2244,20,97,train
2245,20,98,test
2246,20,99,test
2247,20,100,test
2248,20,101,test
2249,20,102,test
2250,20,103,test
2251,20,104,train
2252,20,105,test
2253,20,106,test
2254,20,107,test
2255,20,108,test
2256,20,109,train
2257,20,110,test
2258,20,111,test
2259,20,112,test
2260,21,0,test
2261,21,1,test
2262,21,2,test
2263,21,3,test
2264,21,4,test
2265,21,5,test
2266,21,6,test
2267,21,7,test
2268,21,8,train
2269,21,9,train
2270,21,10,test
2271,21,11,test
2272,21,12,test
2273,21,13,test
2274,21,14,test
2275,21,15,test
2276,21,16,test
2277,21,17,train
2278,21,18,test
2279,21,19,train
2280,21,20,test
2281,21,21,test
2282,21,22,train
2283,21,23,train
2284,21,24,test
2285,21,25,train
2286,21,26,test
2287,21,27,test
2288,21,28,train
2289,21,29,test
2290,21,30,test
2291,21,31,train
2292,21,32,test
2293,21,33,test
2294,21,34,train
2295,21,35,test
2296,21,36,test
2297,21,37,test
2298,21,38,test
2299,21,39,train
2300,21,40,test
2301,21,41,test
2302,21,42,train
2303,21,43,test
2304,21,44,test
2305,21,45,test
2306,21,46,test
2307,21,47,test
2308,21,48,test
2309,21,49,train
2310,21,50,train
2311,21,51,test
2312,21,52,test
2313,21,53,train
2314,21,54,train
2315,21,55,train
2316,21,56,test
2317,21,57,test
2318,21,58,train
2319,21,59,test
2320,21,60,test
2321,21,61,test
2322,21,62,test
2323,21,63,test
2324,21,64,test
2325,21,65,train
2326,21,66,test
2327,21,67,test
2328,21,68,test
2329,21,69,test
2330,21,70,test
2331,21,71,test
2332,21,72,test
2333,21,73,train
2334,21,74,train
2335,21,75,test
2336,21,76,test
2337,21,77,train
2338,21,78,test
2339,21,79,test
2340,21,80,test
2341,21,81,train
2342,21,82,test
2343,21,83,train
2344,21,84,test
2345,21,85,train
2346,21,86,test
2347,21,87,test
2348,21,88,train
2349,21,89,test
2350,21,90,train
2351,21,91,test
2352,21,92,test
2353,21,93,test
2354,21,94,test
2355,21,95,train
2356,21,96,test
2357,21,97,train
2358,21,98,test
2359,21,99,train
2360,21,100,test
2361,21,101,test
2362,21,102,test
2363,21,103,test
2364,21,104,test
2365,21,105,test
2366,21,106,train
2367,21,107,train
2368,21,108,train
2369,21,109,test
2370,21,110,test
2371,21,111,test
2372,21,112,test
2373,22,0,test
2374,22,1,test
2375,22,2,test
2376,22,3,train
2377,22,4,test
2378,22,5,train
2379,22,6,test
2380,22,7,test
2381,22,8,test
2382,22,9,train
2383,22,10,test
2384,22,11,train
2385,22,12,test
2386,22,13,test
2387,22,14,test
2388,22,15,test
2389,22,16,test
2390,22,17,test
2391,22,18,train
2392,22,19,test
2393,22,20,test
2394,22,21,test
2395,22,22,train
2396,22,23,test
2397,22,24,train
2398,22,25,test
2399,22,26,test
2400,22,27,train
2401,22,28,test
2402,22,29,train
2403,22,30,train
2404,22,31,test
2405,22,32,train
2406,22,33,train
2407,22,34,train
2408,22,35,train
2409,22,36,test
2410,22,37,test
2411,22,38,test
2412,22,39,train
2413,22,40,test
2414,22,41,test
2415,22,42,test
2416,22,43,test
2417,22,44,test
2418,22,45,train
2419,22,46,test
2420,22,47,test
2421,22,48,test
2422,22,49,test
2423,22,50,test
2424,22,51,train
2425,22,52,train
2426,22,53,test
2427,22,54,train
2428,22,55,test
2429,22,56,test
2430,22,57,test
2431,22,58,train
2432,22,59,train
2433,22,60,test
2434,22,61,test
2435,22,62,test
2436,22,63,train
2437,22,64,train
2438,22,65,train
2439,22,66,test
2440,22,67,test
2441,22,68,test
2442,22,69,test
2443,22,70,test
2444,22,71,test
2445,22,72,train
2446,22,73,train
2447,22,74,test
2448,22,75,test
2449,22,76,test
2450,22,77,train
2451,22,78,test
2452,22,79,test
2453,22,80,test
2454,22,81,test
2455,22,82,test
2456,22,83,test
2457,22,84,test
2458,22,85,test
2459,22,86,test
2460,22,87,test
2461,22,88,train
2462,22,89,train
2463,22,90,test
2464,22,91,test
2465,22,92,train
2466,22,93,test
2467,22,94,test
2468,22,95,test
2469,22,96,test
2470,22,97,test
2471,22,98,test
2472,22,99,test
2473,22,100,test
2474,22,101,test
2475,22,102,train
2476,22,103,test
2477,22,104,train
2478,22,105,train
2479,22,106,test
2480,22,107,test
2481,22,108,test
2482,22,109,test
2483,22,110,train
2484,22,111,test
2485,22,112,test
2486,23,0,test
2487,23,1,train
2488,23,2,train
2489,23,3,test
2490,23,4,test
2491,23,5,test
2492,23,6,test
2493,23,7,train
2494,23,8,test
2495,23,9,test
2496,23,10,test
2497,23,11,test
2498,23,12,train
2499,23,13,test
2500,23,14,test
2501,23,15,test
2502,23,16,test
2503,23,17,test
2504,23,18,test
2505,23,19,train
2506,23,20,test
2507,23,21,test
2508,23,22,test
2509,23,23,test
2510,23,24,test
2511,23,25,train
2512,23,26,test
2513,23,27,test
2514,23,28,train
2515,23,29,train
2516,23,30,test
2517,23,31,test
2518,23,32,test
2519,23,33,train
2520,23,34,test
2521,23,35,test
2522,23,36,test
2523,23,37,test
2524,23,38,train
2525,23,39,test
2526,23,40,test
2527,23,41,test
2528,23,42,train
2529,23,43,test
2530,23,44,train
2531,23,45,test
2532,23,46,test
2533,23,47,train
2534,23,48,test
2535,23,49,test
2536,23,50,test
2537,23,51,train
2538,23,52,test
2539,23,53,train
2540,23,54,train
2541,23,55,test
2542,23,56,test
2543,23,57,test
2544,23,58,train
2545,23,59,test
2546,23,60,test
2547,23,61,test
2548,23,62,train
2549,23,63,test
2550,23,64,test
2551,23,65,train
2552,23,66,test
2553,23,67,train
2554,23,68,train
2555,23,69,test
2556,23,70,test
2557,23,71,test
2558,23,72,train
2559,23,73,test
2560,23,74,train
2561,23,75,test
2562,23,76,train
2563,23,77,test
2564,23,78,test
2565,23,79,test
2566,23,80,test
2567,23,81,train
2568,23,82,test
2569,23,83,train
2570,23,84,train
2571,23,85,test
2572,23,86,train
2573,23,87,test
2574,23,88,test
2575,23,89,train
2576,23,90,test
2577,23,91,test
2578,23,92,test
2579,23,93,test
2580,23,94,test
2581,23,95,test
2582,23,96,test
2583,23,97,test
2584,23,98,test
2585,23,99,test
2586,23,100,test
2587,23,101,test
2588,23,102,test
2589,23,103,test
2590,23,104,test
2591,23,105,test
2592,23,106,test
2593,23,107,test
2594,23,108,test
2595,23,109,test
2596,23,110,test
2597,23,111,train
2598,23,112,train
2599,24,0,train
2600,24,1,test
2601,24,2,test
2602,24,3,train
2603,24,4,test
2604,24,5,test
2605,24,6,train
2606,24,7,test
2607,24,8,test
2608,24,9,test
2609,24,10,test
2610,24,11,test
2611,24,12,test
2612,24,13,train
2613,24,14,train
2614,24,15,test
2615,24,16,test
2616,24,17,test
2617,24,18,test
2618,24,19,test
2619,24,20,train
2620,24,21,train
2621,24,22,test
2622,24,23,train
2623,24,24,test
2624,24,25,test
2625,24,26,test
2626,24,27,test
2627,24,28,test
2628,24,29,test
2629,24,30,test
2630,24,31,train
2631,24,32,train
2632,24,33,train
2633,24,34,train
2634,24,35,test
2635,24,36,train
2636,24,37,test
2637,24,38,train
2638,24,39,test
2639,24,40,test
2640,24,41,test
2641,24,42,test
2642,24,43,test
2643,24,44,test
2644,24,45,test
2645,24,46,train
2646,24,47,test
2647,24,48,test
2648,24,49,train
2649,24,50,test
2650,24,51,test
2651,24,52,test
2652,24,53,train
2653,24,54,test
2654,24,55,test
2655,24,56,test
2656,24,57,test
2657,24,58,train
2658,24,59,test
2659,24,60,test
2660,24,61,test
2661,24,62,test
2662,24,63,test
2663,24,64,test
2664,24,65,test
2665,24,66,test
2666,24,67,train
2667,24,68,train
2668,24,69,test
2669,24,70,test
2670,24,71,test
2671,24,72,test
2672,24,73,train
2673,24,74,test
2674,24,75,train
2675,24,76,train
2676,24,77,train
2677,24,78,test
2678,24,79,test
2679,24,80,test
2680,24,81,train
2681,24,82,test
2682,24,83,test
2683,24,84,test
2684,24,85,test
2685,24,86,train
2686,24,87,train
2687,24,88,test
2688,24,89,test
2689,24,90,test
2690,24,91,train
2691,24,92,train
2692,24,93,test
2693,24,94,test
2694,24,95,train
2695,24,96,test
2696,24,97,test
2697,24,98,test
2698,24,99,train
2699,24,100,train
2700,24,101,train
2701,24,102,test
2702,24,103,train
2703,24,104,test
2704,24,105,test
2705,24,106,test
2706,24,107,test
2707,24,108,test
2708,24,109,train
2709,24,110,test
2710,24,111,test
2711,24,112,test
2712,25,0,test
2713,25,1,test
2714,25,2,train
2715,25,3,test
2716,25,4,test
2717,25,5,test
2718,25,6,test
2719,25,7,test
2720,25,8,test
2721,25,9,train
2722,25,10,test
2723,25,11,train
2724,25,12,test
2725,25,13,test
2726,25,14,train
2727,25,15,test
2728,25,16,train
2729,25,17,train
2730,25,18,test
2731,25,19,test
2732,25,20,test
2733,25,21,test
2734,25,22,test
2735,25,23,test
2736,25,24,test
2737,25,25,train
2738,25,26,test
2739,25,27,test
2740,25,28,test
2741,25,29,test
2742,25,30,train
2743,25,31,test
2744,25,32,test
2745,25,33,test
2746,25,34,train
2747,25,35,test
2748,25,36,test
2749,25,37,test
2750,25,38,test
2751,25,39,test
2752,25,40,test
2753,25,41,test
2754,25,42,test
2755,25,43,test
2756,25,44,test
2757,25,45,train
2758,25,46,test
2759,25,47,test
2760,25,48,train
2761,25,49,train
2762,25,50,test
2763,25,51,test
2764,25,52,test
2765,25,53,test
2766,25,54,test
2767,25,55,train
2768,25,56,test
2769,25,57,train
2770,25,58,train
2771,25,59,train
2772,25,60,test
2773,25,61,test
2774,25,62,test
2775,25,63,train
2776,25,64,train
2777,25,65,test
2778,25,66,test
2779,25,67,test
2780,25,68,test
2781,25,69,test
2782,25,70,test
2783,25,71,train
2784,25,72,train
2785,25,73,test
2786,25,74,test
2787,25,75,test
2788,25,76,train
2789,25,77,train
2790,25,78,train
2791,25,79,test
2792,25,80,train
2793,25,81,test
2794,25,82,train
2795,25,83,test
2796,25,84,test
2797,25,85,train
2798,25,86,test
2799,25,87,test
2800,25,88,test
2801,25,89,test
2802,25,90,test
2803,25,91,test
2804,25,92,test
2805,25,93,train
2806,25,94,test
2807,25,95,test
2808,25,96,test
2809,25,97,train
2810,25,98,test
2811,25,99,train
2812,25,100,test
2813,25,101,train
2814,25,102,test
2815,25,103,test
2816,25,104,test
2817,25,105,test
2818,25,106,train
2819,25,107,test
2820,25,108,test
2821,25,109,test
2822,25,110,test
2823,25,111,train
2824,25,112,train
2825,26,0,test
2826,26,1,test
2827,26,2,test
2828,26,3,test
2829,26,4,test
2830,26,5,test
2831,26,6,test
2832,26,7,test
2833,26,8,train
2834,26,9,test
2835,26,10,train
2836,26,11,train
2837,26,12,test
2838,26,13,test
2839,26,14,train
2840,26,15,test
2841,26,16,train
2842,26,17,test
2843,26,18,train
2844,26,19,test
2845,26,20,test
2846,26,21,test
2847,26,22,test
2848,26,23,test
2849,26,24,test
2850,26,25,test
2851,26,26,test
2852,26,27,test
2853,26,28,test
2854,26,29,test
2855,26,30,test
2856,26,31,train
2857,26,32,test
2858,26,33,test
2859,26,34,test
2860,26,35,test
2861,26,36,train
2862,26,37,test
2863,26,38,train
2864,26,39,test
2865,26,40,test
2866,26,41,train
2867,26,42,train
2868,26,43,test
2869,26,44,test
2870,26,45,test
2871,26,46,test
2872,26,47,test
2873,26,48,train
2874,26,49,train
2875,26,50,test
2876,26,51,test
2877,26,52,test
2878,26,53,test
2879,26,54,test
2880,26,55,test
2881,26,56,test
2882,26,57,test
2883,26,58,train
2884,26,59,train
2885,26,60,test
2886,26,61,test
2887,26,62,train
2888,26,63,train
2889,26,64,test
2890,26,65,test
2891,26,66,test
2892,26,67,test
2893,26,68,train
2894,26,69,train
2895,26,70,train
2896,26,71,test
2897,26,72,test
2898,26,73,test
2899,26,74,train
2900,26,75,test
2901,26,76,train
2902,26,77,test
2903,26,78,train
2904,26,79,train
2905,26,80,train
2906,26,81,test
2907,26,82,test
2908,26,83,train
2909,26,84,test
2910,26,85,test
2911,26,86,test
2912,26,87,test
2913,26,88,test
2914,26,89,train
2915,26,90,train
2916,26,91,test
2917,26,92,test
2918,26,93,train
2919,26,94,train
2920,26,95,train
2921,26,96,train
2922,26,97,test
2923,26,98,test
2924,26,99,test
2925,26,100,test
2926,26,101,train
2927,26,102,test
2928,26,103,train
2929,26,104,train
2930,26,105,test
2931,26,106,test
2932,26,107,test
2933,26,108,test
2934,26,109,test
2935,26,110,train
2936,26,111,test
2937,26,112,test
2938,27,0,test
2939,27,1,test
2940,27,2,test
2941,27,3,train
2942,27,4,test
2943,27,5,test
2944,27,6,test
2945,27,7,train
2946,27,8,test
2947,27,9,test
2948,27,10,test
2949,27,11,test
2950,27,12,test
2951,27,13,test
2952,27,14,test
2953,27,15,test
2954,27,16,test
2955,27,17,test
2956,27,18,test
2957,27,19,test
2958,27,20,test
2959,27,21,test
2960,27,22,train
2961,27,23,train
2962,27,24,test
2963,27,25,test
2964,27,26,test
2965,27,27,train
2966,27,28,test
2967,27,29,test
2968,27,30,train
2969,27,31,test
2970,27,32,test
2971,27,33,train
2972,27,34,test
2973,27,35,test
2974,27,36,train
2975,27,37,test
2976,27,38,test
2977,27,39,test
2978,27,40,train
2979,27,41,test
2980,27,42,test
2981,27,43,test
2982,27,44,test
2983,27,45,test
2984,27,46,test
2985,27,47,test
2986,27,48,test
2987,27,49,train
2988,27,50,train
2989,27,51,train
2990,27,52,test
2991,27,53,train
2992,27,54,test
2993,27,55,train
2994,27,56,test
2995,27,57,test
2996,27,58,test
2997,27,59,test
2998,27,60,train
2999,27,61,test
3000,27,62,train
3001,27,63,test
3002,27,64,test
3003,27,65,train
3004,27,66,train
3005,27,67,train
3006,27,68,test
3007,27,69,test
3008,27,70,test
3009,27,71,train
3010,27,72,test
3011,27,73,test
3012,27,74,test
3013,27,75,train
3014,27,76,train
3015,27,77,test
3016,27,78,train
3017,27,79,train
3018,27,80,test
3019,27,81,test
3020,27,82,test
3021,27,83,test
3022,27,84,test
3023,27,85,test
3024,27,86,test
3025,27,87,train
3026,27,88,test
3027,27,89,test
3028,27,90,test
3029,27,91,test
3030,27,92,test
3031,27,93,train
3032,27,94,test
3033,27,95,test
3034,27,96,test
3035,27,97,train
3036,27,98,train
3037,27,99,test
3038,27,100,train
3039,27,101,train
3040,27,102,test
3041,27,103,train
3042,27,104,test
3043,27,105,test
3044,27,106,test
3045,27,107,test
3046,27,108,test
3047,27,109,test
3048,27,110,test
3049,27,111,test
3050,27,112,test
3051,28,0,train
3052,28,1,test
3053,28,2,test
3054,28,3,test
3055,28,4,test
3056,28,5,test
3057,28,6,test
3058,28,7,train
3059,28,8,test
3060,28,9,test
3061,28,10,train
3062,28,11,test
3063,28,12,test
3064,28,13,train
3065,28,14,test
3066,28,15,test
3067,28,16,train
3068,28,17,test
3069,28,18,train
3070,28,19,test
3071,28,20,test
3072,28,21,test
3073,28,22,test
3074,28,23,train
3075,28,24,train
3076,28,25,test
3077,28,26,train
3078,28,27,test
3079,28,28,test
3080,28,29,train
3081,28,30,test
3082,28,31,test
3083,28,32,train
3084,28,33,test
3085,28,34,test
3086,28,35,test
3087,28,36,test
3088,28,37,test
3089,28,38,test
3090,28,39,test
3091,28,40,train
3092,28,41,train
3093,28,42,train
3094,28,43,test
3095,28,44,train
3096,28,45,train
3097,28,46,train
3098,28,47,test
3099,28,48,test
3100,28,49,test
3101,28,50,train
3102,28,51,test
3103,28,52,train
3104,28,53,test
3105,28,54,test
3106,28,55,train
3107,28,56,train
3108,28,57,test
3109,28,58,test
3110,28,59,test
3111,28,60,test
3112,28,61,test
3113,28,62,test
3114,28,63,test
3115,28,64,test
3116,28,65,test
3117,28,66,test
3118,28,67,test
3119,28,68,test
3120,28,69,test
3121,28,70,test
3122,28,71,test
3123,28,72,test
3124,28,73,test
3125,28,74,test
3126,28,75,train
3127,28,76,test
3128,28,77,train
3129,28,78,test
3130,28,79,test
3131,28,80,test
3132,28,81,train
3133,28,82,test
3134,28,83,test
3135,28,84,test
3136,28,85,train
3137,28,86,test
3138,28,87,test
3139,28,88,test
3140,28,89,test
3141,28,90,train
3142,28,91,test
3143,28,92,test
3144,28,93,test
3145,28,94,test
3146,28,95,test
3147,28,96,test
3148,28,97,test
3149,28,98,test
3150,28,99,test
3151,28,100,test
3152,28,101,test
3153,28,102,train
3154,28,103,train
3155,28,104,test
3156,28,105,test
3157,28,106,test
3158,28,107,test
3159,28,108,test
3160,28,109,train
3161,28,110,test
3162,28,111,train
3163,28,112,test
3164,29,0,test
3165,29,1,train
3166,29,2,test
3167,29,3,train
3168,29,4,train
3169,29,5,train
3170,29,6,train
3171,29,7,test
3172,29,8,train
3173,29,9,test
3174,29,10,test
3175,29,11,test
3176,29,12,test
3177,29,13,train
3178,29,14,test
3179,29,15,test
3180,29,16,test
3181,29,17,train
3182,29,18,train
3183,29,19,test
3184,29,20,test
3185,29,21,test
3186,29,22,train
3187,29,23,test
3188,29,24,train
3189,29,25,test
3190,29,26,test
3191,29,27,test
3192,29,28,test
3193,29,29,test
3194,29,30,test
3195,29,31,test
3196,29,32,test
3197,29,33,test
3198,29,34,test
3199,29,35,train
3200,29,36,test
3201,29,37,test
3202,29,38,train
3203,29,39,test
3204,29,40,test
3205,29,41,test
3206,29,42,test
3207,29,43,train
3208,29,44,train
3209,29,45,test
3210,29,46,test
3211,29,47,test
3212,29,48,test
3213,29,49,train
3214,29,50,test
3215,29,51,test
3216,29,52,test
3217,29,53,train
3218,29,54,test
3219,29,55,train
3220,29,56,test
3221,29,57,train
3222,29,58,test
3223,29,59,train
3224,29,60,train
3225,29,61,test
3226,29,62,train
3227,29,63,train
3228,29,64,test
3229,29,65,test
3230,29,66,test
3231,29,67,test
3232,29,68,test
3233,29,69,test
3234,29,70,test
3235,29,71,train
3236,29,72,test
3237,29,73,test
3238,29,74,test
3239,29,75,test
3240,29,76,test
3241,29,77,test
3242,29,78,test
3243,29,79,train
3244,29,80,test
3245,29,81,train
3246,29,82,test
3247,29,83,test
3248,29,84,train
3249,29,85,test
3250,29,86,test
3251,29,87,train
3252,29,88,test
3253,29,89,train
3254,29,90,test
3255,29,91,test
3256,29,92,test
3257,29,93,test
3258,29,94,test
3259,29,95,test
3260,29,96,test
3261,29,97,test
3262,29,98,test
3263,29,99,test
3264,29,100,test
3265,29,101,train
3266,29,102,test
3267,29,103,test
3268,29,104,test
3269,29,105,test
3270,29,106,test
3271,29,107,test
3272,29,108,test
3273,29,109,test
3274,29,110,test
3275,29,111,test
3276,29,112,train
3277,30,0,train
3278,30,1,test
3279,30,2,test
3280,30,3,train
3281,30,4,test
3282,30,5,test
3283,30,6,test
3284,30,7,train
3285,30,8,train
3286,30,9,train
3287,30,10,test
3288,30,11,test
3289,30,12,test
3290,30,13,test
3291,30,14,test
3292,30,15,test
3293,30,16,test
3294,30,17,train
3295,30,18,test
3296,30,19,train
3297,30,20,train
3298,30,21,train
3299,30,22,train
3300,30,23,test
3301,30,24,train
3302,30,25,test
3303,30,26,train
3304,30,27,test
3305,30,28,train
3306,30,29,train
3307,30,30,train
3308,30,31,test
3309,30,32,test
3310,30,33,test
3311,30,34,test
3312,30,35,test
3313,30,36,test
3314,30,37,test
3315,30,38,test
3316,30,39,test
3317,30,40,train
3318,30,41,test
3319,30,42,train
3320,30,43,test
3321,30,44,test
3322,30,45,train
3323,30,46,test
3324,30,47,test
3325,30,48,train
3326,30,49,test
3327,30,50,train
3328,30,51,test
3329,30,52,test
3330,30,53,train
3331,30,54,test
3332,30,55,train
3333,30,56,train
3334,30,57,train
3335,30,58,test
3336,30,59,test
3337,30,60,train
3338,30,61,test
3339,30,62,test
3340,30,63,test
3341,30,64,train
3342,30,65,test
3343,30,66,train
3344,30,67,train
3345,30,68,train
3346,30,69,test
3347,30,70,test
3348,30,71,train
3349,30,72,test
3350,30,73,test
3351,30,74,train
3352,30,75,train
3353,30,76,train
3354,30,77,test
3355,30,78,train
3356,30,79,train
3357,30,80,test
3358,30,81,train
3359,30,82,test
3360,30,83,test
3361,30,84,test
3362,30,85,test
3363,30,86,train
3364,30,87,test
3365,30,88,test
3366,30,89,test
3367,30,90,test
3368,30,91,test
3369,30,92,test
3370,30,93,train
3371,30,94,test
3372,30,95,test
3373,30,96,test
3374,30,97,test
3375,30,98,test
3376,30,99,test
3377,30,100,test
3378,30,101,test
3379,30,102,test
3380,30,103,test
3381,30,104,test
3382,30,105,test
3383,30,106,test
3384,30,107,train
3385,30,108,test
3386,30,109,test
3387,30,110,test
3388,30,111,test
3389,30,112,test
3390,31,0,test
3391,31,1,test
3392,31,2,train
3393,31,3,test
3394,31,4,test
3395,31,5,test
3396,31,6,test
3397,31,7,test
3398,31,8,train
3399,31,9,train
3400,31,10,test
3401,31,11,test
3402,31,12,test
3403,31,13,train
3404,31,14,test
3405,31,15,train
3406,31,16,test
3407,31,17,test
3408,31,18,train
3409,31,19,test
3410,31,20,train
3411,31,21,train
3412,31,22,test
3413,31,23,train
3414,31,24,train
3415,31,25,test
3416,31,26,train
3417,31,27,test
3418,31,28,test
3419,31,29,test
3420,31,30,train
3421,31,31,train
3422,31,32,test
3423,31,33,train
3424,31,34,train
3425,31,35,train
3426,31,36,test
3427,31,37,train
3428,31,38,train
3429,31,39,test
3430,31,40,test
3431,31,41,train
3432,31,42,test
3433,31,43,test
3434,31,44,test
3435,31,45,test
3436,31,46,test
3437,31,47,test
3438,31,48,test
3439,31,49,test
3440,31,50,train
3441,31,51,test
3442,31,52,test
3443,31,53,test
3444,31,54,train
3445,31,55,test
3446,31,56,test
3447,31,57,train
3448,31,58,test
3449,31,59,train
3450,31,60,test
3451,31,61,test
3452,31,62,train
3453,31,63,test
3454,31,64,train
3455,31,65,test
3456,31,66,test
3457,31,67,test
3458,31,68,test
3459,31,69,train
3460,31,70,test
3461,31,71,train
3462,31,72,train
3463,31,73,test
3464,31,74,test
3465,31,75,train
3466,31,76,test
3467,31,77,test
3468,31,78,train
3469,31,79,test
3470,31,80,test
3471,31,81,test
3472,31,82,test
3473,31,83,train
3474,31,84,test
3475,31,85,test
3476,31,86,train
3477,31,87,train
3478,31,88,train
3479,31,89,test
3480,31,90,test
3481,31,91,train
3482,31,92,train
3483,31,93,test
3484,31,94,train
3485,31,95,test
3486,31,96,train
3487,31,97,test
3488,31,98,test
3489,31,99,test
3490,31,100,test
3491,31,101,test
3492,31,102,test
3493,31,103,test
3494,31,104,train
3495,31,105,train
3496,31,106,test
3497,31,107,test
3498,31,108,test
3499,31,109,train
3500,31,110,test
3501,31,111,test
3502,31,112,test
3503,32,0,test
3504,32,1,train
3505,32,2,test
3506,32,3,train
3507,32,4,test
3508,32,5,test
3509,32,6,test
3510,32,7,test
3511,32,8,test
3512,32,9,test
3513,32,10,train
3514,32,11,test
3515,32,12,test
3516,32,13,train
3517,32,14,test
3518,32,15,train
3519,32,16,test
3520,32,17,test
3521,32,18,train
3522,32,19,test
3523,32,20,test
3524,32,21,test
3525,32,22,test
3526,32,23,test
3527,32,24,test
3528,32,25,test
3529,32,26,train
3530,32,27,train
3531,32,28,test
3532,32,29,test
3533,32,30,test
3534,32,31,test
3535,32,32,train
3536,32,33,test
3537,32,34,test
3538,32,35,test
3539,32,36,train
3540,32,37,test
3541,32,38,train
3542,32,39,train
3543,32,40,train
3544,32,41,train
3545,32,42,test
3546,32,43,test
3547,32,44,test
3548,32,45,test
3549,32,46,train
3550,32,47,train
3551,32,48,test
3552,32,49,train
3553,32,50,test
3554,32,51,train
3555,32,52,test
3556,32,53,test
3557,32,54,test
3558,32,55,train
3559,32,56,test
3560,32,57,test
3561,32,58,test
3562,32,59,train
3563,32,60,test
3564,32,61,train
3565,32,62,test
3566,32,63,test
3567,32,64,train
3568,32,65,test
3569,32,66,train
3570,32,67,test
3571,32,68,test
3572,32,69,test
3573,32,70,train
3574,32,71,train
3575,32,72,test
3576,32,73,train
3577,32,74,test
3578,32,75,test
3579,32,76,train
3580,32,77,test
3581,32,78,train
3582,32,79,test
3583,32,80,test
3584,32,81,test
3585,32,82,test
3586,32,83,train
3587,32,84,test
3588,32,85,test
3589,32,86,test
3590,32,87,test
3591,32,88,test
3592,32,89,train
3593,32,90,test
3594,32,91,test
3595,32,92,test
3596,32,93,test
3597,32,94,train
3598,32,95,test
3599,32,96,train
3600,32,97,test
3601,32,98,test
3602,32,99,test
3603,32,100,test
3604,32,101,train
3605,32,102,test
3606,32,103,train
3607,32,104,train
3608,32,105,test
3609,32,106,test
3610,32,107,train
3611,32,108,test
3612,32,109,test
3613,32,110,test
3614,32,111,train
3615,32,112,train
3616,33,0,train
3617,33,1,test
3618,33,2,test
3619,33,3,test
3620,33,4,test
3621,33,5,test
3622,33,6,test
3623,33,7,test
3624,33,8,test
3625,33,9,test
3626,33,10,test
3627,33,11,test
3628,33,12,test
3629,33,13,test
3630,33,14,test
3631,33,15,train
3632,33,16,train
3633,33,17,test
3634,33,18,test
3635,33,19,test
3636,33,20,test
3637,33,21,test
3638,33,22,train
3639,33,23,test
3640,33,24,train
3641,33,25,test
3642,33,26,train
3643,33,27,test
3644,33,28,test
3645,33,29,train
3646,33,30,test
3647,33,31,test
3648,33,32,test
3649,33,33,test
3650,33,34,test
3651,33,35,train
3652,33,36,test
3653,33,37,test
3654,33,38,train
3655,33,39,test
3656,33,40,test
3657,33,41,test
3658,33,42,test
3659,33,43,test
3660,33,44,train
3661,33,45,test
3662,33,46,train
3663,33,47,test
3664,33,48,train
3665,33,49,test
3666,33,50,test
3667,33,51,train
3668,33,52,train
3669,33,53,test
3670,33,54,train
3671,33,55,train
3672,33,56,test
3673,33,57,test
3674,33,58,test
3675,33,59,test
3676,33,60,test
3677,33,61,train
3678,33,62,test
3679,33,63,test
3680,33,64,test
3681,33,65,test
3682,33,66,train
3683,33,67,test
3684,33,68,test
3685,33,69,test
3686,33,70,test
3687,33,71,test
3688,33,72,test
3689,33,73,test
3690,33,74,test
3691,33,75,test
3692,33,76,test
3693,33,77,test
3694,33,78,test
3695,33,79,test
3696,33,80,test
3697,33,81,test
3698,33,82,train
3699,33,83,test
3700,33,84,test
3701,33,85,train
3702,33,86,test
3703,33,87,train
3704,33,88,train
3705,33,89,test
3706,33,90,test
3707,33,91,test
3708,33,92,train
3709,33,93,test
3710,33,94,test
3711,33,95,test
3712,33,96,test
3713,33,97,test
3714,33,98,test
3715,33,99,train
3716,33,100,test
3717,33,101,test
3718,33,102,train
3719,33,103,test
3720,33,104,train
3721,33,105,train
3722,33,106,test
3723,33,107,train
3724,33,108,test
3725,33,109,test
3726,33,110,test
3727,33,111,test
3728,33,112,test
3729,34,0,train
3730,34,1,test
3731,34,2,train
3732,34,3,test
3733,34,4,test
3734,34,5,test
3735,34,6,test
3736,34,7,train
3737,34,8,test
3738,34,9,train
3739,34,10,train
3740,34,11,test
3741,34,12,train
3742,34,13,test
3743,34,14,test
3744,34,15,test
3745,34,16,test
3746,34,17,test
3747,34,18,train
3748,34,19,test
3749,34,20,test
3750,34,21,test
3751,34,22,test
3752,34,23,test
3753,34,24,train
3754,34,25,test
3755,34,26,train
3756,34,27,test
3757,34,28,test
3758,34,29,test
3759,34,30,test
3760,34,31,train
3761,34,32,test
3762,34,33,test
3763,34,34,test
3764,34,35,test
3765,34,36,test
3766,34,37,train
3767,34,38,train
3768,34,39,test
3769,34,40,train
3770,34,41,test
3771,34,42,test
3772,34,43,test
3773,34,44,test
3774,34,45,test
3775,34,46,test
3776,34,47,test
3777,34,48,test
3778,34,49,test
3779,34,50,test
3780,34,51,train
3781,34,52,test
3782,34,53,train
3783,34,54,train
3784,34,55,train
3785,34,56,test
3786,34,57,train
3787,34,58,test
3788,34,59,test
3789,34,60,train
3790,34,61,test
3791,34,62,test
3792,34,63,test
3793,34,64,train
3794,34,65,test
3795,34,66,train
3796,34,67,test
3797,34,68,test
3798,34,69,test
3799,34,70,test
3800,34,71,train
3801,34,72,test
3802,34,73,test
3803,34,74,test
3804,34,75,test
3805,34,76,train
3806,34,77,test
3807,34,78,train
3808,34,79,test
3809,34,80,train
3810,34,81,train
3811,34,82,test
3812,34,83,test
3813,34,84,test
3814,34,85,test
3815,34,86,test
3816,34,87,test
3817,34,88,test
3818,34,89,train
3819,34,90,train
3820,34,91,test
3821,34,92,test
3822,34,93,train
3823,34,94,train
3824,34,95,test
3825,34,96,test
3826,34,97,test
3827,34,98,test
3828,34,99,test
3829,34,100,train
3830,34,101,test
3831,34,102,test
3832,34,103,train
3833,34,104,test
3834,34,105,test
3835,34,106,test
3836,34,107,test
3837,34,108,test
3838,34,109,train
3839,34,110,test
3840,34,111,test
3841,34,112,test
3842,35,0,test
3843,35,1,test
3844,35,2,train
3845,35,3,train
3846,35,4,test
3847,35,5,test
3848,35,6,test
3849,35,7,train
3850,35,8,test
3851,35,9,test
3852,35,10,test
3853,35,11,test
3854,35,12,test
3855,35,13,test
3856,35,14,test
3857,35,15,train
3858,35,16,test
3859,35,17,test
3860,35,18,test
3861,35,19,test
3862,35,20,test
3863,35,21,test
3864,35,22,train
3865,35,23,train
3866,35,24,test
3867,35,25,test
3868,35,26,test
3869,35,27,train
3870,35,28,test
3871,35,29,test
3872,35,30,test
3873,35,31,test
3874,35,32,test
3875,35,33,test
3876,35,34,test
3877,35,35,train
3878,35,36,test
3879,35,37,test
3880,35,38,train
3881,35,39,test
3882,35,40,test
3883,35,41,train
3884,35,42,train
3885,35,43,test
3886,35,44,test
3887,35,45,test
3888,35,46,test
3889,35,47,test
3890,35,48,test
3891,35,49,test
3892,35,50,test
3893,35,51,test
3894,35,52,train
3895,35,53,train
3896,35,54,test
3897,35,55,test
3898,35,56,test
3899,35,57,test
3900,35,58,test
3901,35,59,test
3902,35,60,test
3903,35,61,test
3904,35,62,test
3905,35,63,train
3906,35,64,test
3907,35,65,train
3908,35,66,test
3909,35,67,test
3910,35,68,test
3911,35,69,train
3912,35,70,test
3913,35,71,train
3914,35,72,train
3915,35,73,train
3916,35,74,test
3917,35,75,train
3918,35,76,test
3919,35,77,test
3920,35,78,test
3921,35,79,test
3922,35,80,test
3923,35,81,test
3924,35,82,test
3925,35,83,test
3926,35,84,test
3927,35,85,train
3928,35,86,test
3929,35,87,test
3930,35,88,test
3931,35,89,test
3932,35,90,train
3933,35,91,train
3934,35,92,train
3935,35,93,test
3936,35,94,test
3937,35,95,test
3938,35,96,train
3939,35,97,test
3940,35,98,train
3941,35,99,test
3942,35,100,test
3943,35,101,test
3944,35,102,test
3945,35,103,test
3946,35,104,test
3947,35,105,test
3948,35,106,test
3949,35,107,test
3950,35,108,test
3951,35,109,test
3952,35,110,test
3953,35,111,test
3954,35,112,test
3955,36,0,train
3956,36,1,test
3957,36,2,train
3958,36,3,test
3959,36,4,train
3960,36,5,test
3961,36,6,test
3962,36,7,test
3963,36,8,test
3964,36,9,train
3965,36,10,test
3966,36,11,test
3967,36,12,test
3968,36,13,test
3969,36,14,test
3970,36,15,test
3971,36,16,test
3972,36,17,test
3973,36,18,test
3974,36,19,test
3975,36,20,test
3976,36,21,test
3977,36,22,test
3978,36,23,test
3979,36,24,test
3980,36,25,test
3981,36,26,test
3982,36,27,test
3983,36,28,test
3984,36,29,test
3985,36,30,test
3986,36,31,test
3987,36,32,test
3988,36,33,test
3989,36,34,test
3990,36,35,test
3991,36,36,test
3992,36,37,train
3993,36,38,test
3994,36,39,test
3995,36,40,test
3996,36,41,test
3997,36,42,test
3998,36,43,train
3999,36,44,test
4000,36,45,test
4001,36,46,train
4002,36,47,test
4003,36,48,train
4004,36,49,train
4005,36,50,test
4006,36,51,test
4007,36,52,test
4008,36,53,test
4009,36,54,test
4010,36,55,test
4011,36,56,test
4012,36,57,test
4013,36,58,test
4014,36,59,test
4015,36,60,train
4016,36,61,test
4017,36,62,test
4018,36,63,test
4019,36,64,test
4020,36,65,test
4021,36,66,train
4022,36,67,test
4023,36,68,train
4024,36,69,train
4025,36,70,test
4026,36,71,test
4027,36,72,test
4028,36,73,test
4029,36,74,test
4030,36,75,test
4031,36,76,train
4032,36,77,test
4033,36,78,test
4034,36,79,test
4035,36,80,test
4036,36,81,train
4037,36,82,test
4038,36,83,test
4039,36,84,test
4040,36,85,test
4041,36,86,train
4042,36,87,test
4043,36,88,test
4044,36,89,test
4045,36,90,train
4046,36,91,test
4047,36,92,test
4048,36,93,train
4049,36,94,test
4050,36,95,test
4051,36,96,test
4052,36,97,test
4053,36,98,test
4054,36,99,test
4055,36,100,test
4056,36,101,train
4057,36,102,test
4058,36,103,train
4059,36,104,test
4060,36,105,test
4061,36,106,test
4062,36,107,test
4063,36,108,test
4064,36,109,test
4065,36,110,test
4066,36,111,test
4067,36,112,test
4068,37,0,train
4069,37,1,test
4070,37,2,train
4071,37,3,test
4072,37,4,test
4073,37,5,test
4074,37,6,train
4075,37,7,test
4076,37,8,test
4077,37,9,test
4078,37,10,test
4079,37,11,train
4080,37,12,test
4081,37,13,train
4082,37,14,test
4083,37,15,train
4084,37,16,test
4085,37,17,test
4086,37,18,test
4087,37,19,test
4088,37,20,test
4089,37,21,test
4090,37,22,test
4091,37,23,test
4092,37,24,test
4093,37,25,test
4094,37,26,train
4095,37,27,test
4096,37,28,test
4097,37,29,test
4098,37,30,train
4099,37,31,train
4100,37,32,test
4101,37,33,test
4102,37,34,test
4103,37,35,train
4104,37,36,train
4105,37,37,test
4106,37,38,test
4107,37,39,test
4108,37,40,train
4109,37,41,train
4110,37,42,test
4111,37,43,test
4112,37,44,test
4113,37,45,test
4114,37,46,test
4115,37,47,test
4116,37,48,test
4117,37,49,train
4118,37,50,test
4119,37,51,test
4120,37,52,train
4121,37,53,test
4122,37,54,train
4123,37,55,test
4124,37,56,train
4125,37,57,test
4126,37,58,train
4127,37,59,test
4128,37,60,test
4129,37,61,test
4130,37,62,test
4131,37,63,test
4132,37,64,train
4133,37,65,test
4134,37,66,test
4135,37,67,test
4136,37,68,test
4137,37,69,train
4138,37,70,test
4139,37,71,test
4140,37,72,test
4141,37,73,test
4142,37,74,train
4143,37,75,train
4144,37,76,test
4145,37,77,test
4146,37,78,train
4147,37,79,test
4148,37,80,train
4149,37,81,train
4150,37,82,test
4151,37,83,train
4152,37,84,train
4153,37,85,train
4154,37,86,test
4155,37,87,test
4156,37,88,test
4157,37,89,test
4158,37,90,train
4159,37,91,train
4160,37,92,train
4161,37,93,test
4162,37,94,train
4163,37,95,train
4164,37,96,test
4165,37,97,test
4166,37,98,test
4167,37,99,test
4168,37,100,test
4169,37,101,test
4170,37,102,train
4171,37,103,train
4172,37,104,test
4173,37,105,test
4174,37,106,train
4175,37,107,train
4176,37,108,test
4177,37,109,test
4178,37,110,train
4179,37,111,test
4180,37,112,train
4181,38,0,test
4182,38,1,test
4183,38,2,test
4184,38,3,test
4185,38,4,test
4186,38,5,test
4187,38,6,test
4188,38,7,test
4189,38,8,test
4190,38,9,test
4191,38,10,test
4192,38,11,test
4193,38,12,test
4194,38,13,train
4195,38,14,train
4196,38,15,test
4197,38,16,train
4198,38,17,test
4199,38,18,test
4200,38,19,train
4201,38,20,test
4202,38,21,train
4203,38,22,train
4204,38,23,test
4205,38,24,test
4206,38,25,test
4207,38,26,train
4208,38,27,train
4209,38,28,test
4210,38,29,test
4211,38,30,test
4212,38,31,test
4213,38,32,test
4214,38,33,train
4215,38,34,test
4216,38,35,test
4217,38,36,train
4218,38,37,test
4219,38,38,train
4220,38,39,train
4221,38,40,train
4222,38,41,test
4223,38,42,train
4224,38,43,train
4225,38,44,test
4226,38,45,train
4227,38,46,train
4228,38,47,test
4229,38,48,train
4230,38,49,test
4231,38,50,test
4232,38,51,test
4233,38,52,train
4234,38,53,test
4235,38,54,test
4236,38,55,train
4237,38,56,test
4238,38,57,train
4239,38,58,test
4240,38,59,test
4241,38,60,test
4242,38,61,test
4243,38,62,train
4244,38,63,test
4245,38,64,test
4246,38,65,test
4247,38,66,test
4248,38,67,train
4249,38,68,test
4250,38,69,test
4251,38,70,train
4252,38,71,train
4253,38,72,train
4254,38,73,test
4255,38,74,test
4256,38,75,test
4257,38,76,test
4258,38,77,train
4259,38,78,test
4260,38,79,train
4261,38,80,train
4262,38,81,test
4263,38,82,test
4264,38,83,test
4265,38,84,test
4266,38,85,train
4267,38,86,test
4268,38,87,test
4269,38,88,test
4270,38,89,train
4271,38,90,test
4272,38,91,test
4273,38,92,train
4274,38,93,test
4275,38,94,train
4276,38,95,test
4277,38,96,train
4278,38,97,test
4279,38,98,test
4280,38,99,test
4281,38,100,test
4282,38,101,test
4283,38,102,train
4284,38,103,train
4285,38,104,test
4286,38,105,test
4287,38,106,test
4288,38,107,test
4289,38,108,test
4290,38,109,train
4291,38,110,test
4292,38,111,test
4293,38,112,test
4294,39,0,test
4295,39,1,test
4296,39,2,train
4297,39,3,test
4298,39,4,test
4299,39,5,train
4300,39,6,train
4301,39,7,test
4302,39,8,test
4303,39,9,test
4304,39,10,test
4305,39,11,test
4306,39,12,test
4307,39,13,test
4308,39,14,test
4309,39,15,train
4310,39,16,test
4311,39,17,test
4312,39,18,test
4313,39,19,test
4314,39,20,test
4315,39,21,test
4316,39,22,train
4317,39,23,test
4318,39,24,train
4319,39,25,train
4320,39,26,test
4321,39,27,train
4322,39,28,test
4323,39,29,train
4324,39,30,train
4325,39,31,test
4326,39,32,train
4327,39,33,test
4328,39,34,train
4329,39,35,train
4330,39,36,train
4331,39,37,test
4332,39,38,test
4333,39,39,test
4334,39,40,test
4335,39,41,test
4336,39,42,test
4337,39,43,train
4338,39,44,test
4339,39,45,test
4340,39,46,test
4341,39,47,test
4342,39,48,test
4343,39,49,test
4344,39,50,test
4345,39,51,test
4346,39,52,test
4347,39,53,test
4348,39,54,train
4349,39,55,test
4350,39,56,test
4351,39,57,test
4352,39,58,test
4353,39,59,test
4354,39,60,test
4355,39,61,test
4356,39,62,train
4357,39,63,test
4358,39,64,test
4359,39,65,train
4360,39,66,test
4361,39,67,train
4362,39,68,test
4363,39,69,train
4364,39,70,test
4365,39,71,test
4366,39,72,test
4367,39,73,train
4368,39,74,test
4369,39,75,test
4370,39,76,test
4371,39,77,test
4372,39,78,test
4373,39,79,test
4374,39,80,test
4375,39,81,test
4376,39,82,test
4377,39,83,test
4378,39,84,train
4379,39,85,test
4380,39,86,test
4381,39,87,test
4382,39,88,test
4383,39,89,test
4384,39,90,test
4385,39,91,test
4386,39,92,test
4387,39,93,train
4388,39,94,test
4389,39,95,test
4390,39,96,test
4391,39,97,test
4392,39,98,test
4393,39,99,test
4394,39,100,train
4395,39,101,test
4396,39,102,train
4397,39,103,test
4398,39,104,test
4399,39,105,test
4400,39,106,test
4401,39,107,train
4402,39,108,test
4403,39,109,test
4404,39,110,train
4405,39,111,test
4406,39,112,test
4407,40,0,test
4408,40,1,test
4409,40,2,train
4410,40,3,test
4411,40,4,train
4412,40,5,test
4413,40,6,train
4414,40,7,test
4415,40,8,test
4416,40,9,train
4417,40,10,test
4418,40,11,train
4419,40,12,test
4420,40,13,test
4421,40,14,test
4422,40,15,test
4423,40,16,test
4424,40,17,test
4425,40,18,test
4426,40,19,train
4427,40,20,train
4428,40,21,test
4429,40,22,test
4430,40,23,test
4431,40,24,train
4432,40,25,train
4433,40,26,test
4434,40,27,test
4435,40,28,test
4436,40,29,test
4437,40,30,train
4438,40,31,test
4439,40,32,train
4440,40,33,train
4441,40,34,test
4442,40,35,test
4443,40,36,test
4444,40,37,test
4445,40,38,train
4446,40,39,test
4447,40,40,train
4448,40,41,test
4449,40,42,test
4450,40,43,test
4451,40,44,test
4452,40,45,test
4453,40,46,test
4454,40,47,test
4455,40,48,test
4456,40,49,test
4457,40,50,test
4458,40,51,test
4459,40,52,test
4460,40,53,test
4461,40,54,train
4462,40,55,test
4463,40,56,train
4464,40,57,train
4465,40,58,test
4466,40,59,train
4467,40,60,train
4468,40,61,train
4469,40,62,test
4470,40,63,test
4471,40,64,test
4472,40,65,train
4473,40,66,train
4474,40,67,test
4475,40,68,test
4476,40,69,test
4477,40,70,test
4478,40,71,test
4479,40,72,test
4480,40,73,test
4481,40,74,test
4482,40,75,train
4483,40,76,test
4484,40,77,train
4485,40,78,test
4486,40,79,test
4487,40,80,test
4488,40,81,test
4489,40,82,test
4490,40,83,test
4491,40,84,test
4492,40,85,test
4493,40,86,test
4494,40,87,test
4495,40,88,test
4496,40,89,test
4497,40,90,test
4498,40,91,test
4499,40,92,test
4500,40,93,test
4501,40,94,test
4502,40,95,test
4503,40,96,test
4504,40,97,test
4505,40,98,test
4506,40,99,test
4507,40,100,test
4508,40,101,test
4509,40,102,test
4510,40,103,test
4511,40,104,test
4512,40,105,test
4513,40,106,test
4514,40,107,test
4515,40,108,train
4516,40,109,test
4517,40,110,test
4518,40,111,test
4519,40,112,test
4520,41,0,test
4521,41,1,test
4522,41,2,test
4523,41,3,test
4524,41,4,train
4525,41,5,test
4526,41,6,test
4527,41,7,train
4528,41,8,test
4529,41,9,test
4530,41,10,test
4531,41,11,test
4532,41,12,test
4533,41,13,test
4534,41,14,test
4535,41,15,test
4536,41,16,test
4537,41,17,test
4538,41,18,train
4539,41,19,test
4540,41,20,train
4541,41,21,train
4542,41,22,test
4543,41,23,test
4544,41,24,train
4545,41,25,test
4546,41,26,test
4547,41,27,test
4548,41,28,test
4549,41,29,test
4550,41,30,test
4551,41,31,train
4552,41,32,test
4553,41,33,train
4554,41,34,test
4555,41,35,test
4556,41,36,train
4557,41,37,test
4558,41,38,test
4559,41,39,test
4560,41,40,test
4561,41,41,train
4562,41,42,test
4563,41,43,test
4564,41,44,test
4565,41,45,test
4566,41,46,test
4567,41,47,test
4568,41,48,test
4569,41,49,test
4570,41,50,train
4571,41,51,test
4572,41,52,test
4573,41,53,test
4574,41,54,test
4575,41,55,test
4576,41,56,test
4577,41,57,test
4578,41,58,train
4579,41,59,test
4580,41,60,test
4581,41,61,test
4582,41,62,test
4583,41,63,test
4584,41,64,test
4585,41,65,test
4586,41,66,test
4587,41,67,test
4588,41,68,test
4589,41,69,train
4590,41,70,test
4591,41,71,test
4592,41,72,test
4593,41,73,test
4594,41,74,test
4595,41,75,train
4596,41,76,train
4597,41,77,test
4598,41,78,test
4599,41,79,test
4600,41,80,test
4601,41,81,train
4602,41,82,test
4603,41,83,train
4604,41,84,train
4605,41,85,test
4606,41,86,test
4607,41,87,test
4608,41,88,train
4609,41,89,test
4610,41,90,test
4611,41,91,train
4612,41,92,test
4613,41,93,test
4614,41,94,test
4615,41,95,test
4616,41,96,test
4617,41,97,test
4618,41,98,train
4619,41,99,train
4620,41,100,test
4621,41,101,train
4622,41,102,test
4623,41,103,train
4624,41,104,train
4625,41,105,test
4626,41,106,train
4627,41,107,test
4628,41,108,test
4629,41,109,train
4630,41,110,train
4631,41,111,test
4632,41,112,test
4633,42,0,test
4634,42,1,test
4635,42,2,test
4636,42,3,test
4637,42,4,test
4638,42,5,train
4639,42,6,test
4640,42,7,test
4641,42,8,train
4642,42,9,test
4643,42,10,test
4644,42,11,train
4645,42,12,test
4646,42,13,test
4647,42,14,test
4648,42,15,train
4649,42,16,test
4650,42,17,train
4651,42,18,test
4652,42,19,train
4653,42,20,test
4654,42,21,test
4655,42,22,test
4656,42,23,train
4657,42,24,train
4658,42,25,test
4659,42,26,test
4660,42,27,test
4661,42,28,test
4662,42,29,test
4663,42,30,train
4664,42,31,train
4665,42,32,train
4666,42,33,train
4667,42,34,train
4668,42,35,test
4669,42,36,test
4670,42,37,test
4671,42,38,test
4672,42,39,test
4673,42,40,test
4674,42,41,test
4675,42,42,train
4676,42,43,test
4677,42,44,test
4678,42,45,test
4679,42,46,train
4680,42,47,test
4681,42,48,test
4682,42,49,test
4683,42,50,train
4684,42,51,train
4685,42,52,test
4686,42,53,train
4687,42,54,test
4688,42,55,test
4689,42,56,test
4690,42,57,train
4691,42,58,test
4692,42,59,test
4693,42,60,test
4694,42,61,train
4695,42,62,train
4696,42,63,train
4697,42,64,test
4698,42,65,test
4699,42,66,test
4700,42,67,test
4701,42,68,test
4702,42,69,test
4703,42,70,test
4704,42,71,train
4705,42,72,test
4706,42,73,test
4707,42,74,test
4708,42,75,test
4709,42,76,test
4710,42,77,test
4711,42,78,test
4712,42,79,test
4713,42,80,train
4714,42,81,test
4715,42,82,test
4716,42,83,test
4717,42,84,test
4718,42,85,test
4719,42,86,test
4720,42,87,test
4721,42,88,test
4722,42,89,test
4723,42,90,test
4724,42,91,test
4725,42,92,test
4726,42,93,train
4727,42,94,train
4728,42,95,test
4729,42,96,test
4730,42,97,test
4731,42,98,test
4732,42,99,test
4733,42,100,train
4734,42,101,test
4735,42,102,test
4736,42,103,test
4737,42,104,train
4738,42,105,train
4739,42,106,test
4740,42,107,test
4741,42,108,test
4742,42,109,test
4743,42,110,test
4744,42,111,train
4745,42,112,test
4746,43,0,test
4747,43,1,train
4748,43,2,test
4749,43,3,test
4750,43,4,train
4751,43,5,train
4752,43,6,test
4753,43,7,test
4754,43,8,test
4755,43,9,train
4756,43,10,test
4757,43,11,test
4758,43,12,test
4759,43,13,test
4760,43,14,test
4761,43,15,test
4762,43,16,train
4763,43,17,test
4764,43,18,test
4765,43,19,train
4766,43,20,test
4767,43,21,test
4768,43,22,train
4769,43,23,test
4770,43,24,train
4771,43,25,test
4772,43,26,test
4773,43,27,test
4774,43,28,test
4775,43,29,test
4776,43,30,train
4777,43,31,test
4778,43,32,test
4779,43,33,train
4780,43,34,train
4781,43,35,test
4782,43,36,train
4783,43,37,test
4784,43,38,test
4785,43,39,test
4786,43,40,test
4787,43,41,train
4788,43,42,test
4789,43,43,test
4790,43,44,test
4791,43,45,train
4792,43,46,train
4793,43,47,test
4794,43,48,test
4795,43,49,test
4796,43,50,test
4797,43,51,test
4798,43,52,train
4799,43,53,train
4800,43,54,train
4801,43,55,test
4802,43,56,test
4803,43,57,test
4804,43,58,train
4805,43,59,train
4806,43,60,test
4807,43,61,test
4808,43,62,test
4809,43,63,train
4810,43,64,test
4811,43,65,train
4812,43,66,train
4813,43,67,test
4814,43,68,test
4815,43,69,train
4816,43,70,train
4817,43,71,test
4818,43,72,train
4819,43,73,test
4820,43,74,test
4821,43,75,train
4822,43,76,test
4823,43,77,test
4824,43,78,train
4825,43,79,test
4826,43,80,train
4827,43,81,test
4828,43,82,test
4829,43,83,train
4830,43,84,test
4831,43,85,test
4832,43,86,train
4833,43,87,test
4834,43,88,test
4835,43,89,test
4836,43,90,test
4837,43,91,test
4838,43,92,test
4839,43,93,test
4840,43,94,test
4841,43,95,test
4842,43,96,test
4843,43,97,test
4844,43,98,test
4845,43,99,train
4846,43,100,test
4847,43,101,test
4848,43,102,train
4849,43,103,train
4850,43,104,test
4851,43,105,test
4852,43,106,test
4853,43,107,test
4854,43,108,train
4855,43,109,test
4856,43,110,train
4857,43,111,test
4858,43,112,test
4859,44,0,train
4860,44,1,train
4861,44,2,test
4862,44,3,train
4863,44,4,test
4864,44,5,test
4865,44,6,test
4866,44,7,train
4867,44,8,test
4868,44,9,test
4869,44,10,train
4870,44,11,test
4871,44,12,test
4872,44,13,test
4873,44,14,test
4874,44,15,test
4875,44,16,test
4876,44,17,test
4877,44,18,test
4878,44,19,test
4879,44,20,test
4880,44,21,test
4881,44,22,train
4882,44,23,train
4883,44,24,test
4884,44,25,test
4885,44,26,test
4886,44,27,test
4887,44,28,test
4888,44,29,test
4889,44,30,test
4890,44,31,test
4891,44,32,test
4892,44,33,test
4893,44,34,train
4894,44,35,test
4895,44,36,test
4896,44,37,test
4897,44,38,train
4898,44,39,test
4899,44,40,train
4900,44,41,test
4901,44,42,test
4902,44,43,test
4903,44,44,test
4904,44,45,test
4905,44,46,test
4906,44,47,test
4907,44,48,train
4908,44,49,train
4909,44,50,test
4910,44,51,test
4911,44,52,test
4912,44,53,train
4913,44,54,test
4914,44,55,test
4915,44,56,test
4916,44,57,test
4917,44,58,test
4918,44,59,test
4919,44,60,test
4920,44,61,test
4921,44,62,train
4922,44,63,test
4923,44,64,test
4924,44,65,train
4925,44,66,test
4926,44,67,train
4927,44,68,test
4928,44,69,test
4929,44,70,train
4930,44,71,test
4931,44,72,test
4932,44,73,test
4933,44,74,test
4934,44,75,test
4935,44,76,test
4936,44,77,train
4937,44,78,train
4938,44,79,test
4939,44,80,train
4940,44,81,train
4941,44,82,test
4942,44,83,test
4943,44,84,test
4944,44,85,test
4945,44,86,test
4946,44,87,test
4947,44,88,test
4948,44,89,train
4949,44,90,test
4950,44,91,test
4951,44,92,test
4952,44,93,test
4953,44,94,test
4954,44,95,test
4955,44,96,train
4956,44,97,test
4957,44,98,train
4958,44,99,train
4959,44,100,test
4960,44,101,test
4961,44,102,test
4962,44,103,train
4963,44,104,test
4964,44,105,test
4965,44,106,test
4966,44,107,test
4967,44,108,test
4968,44,109,test
4969,44,110,test
4970,44,111,train
4971,44,112,train
4972,45,0,train
4973,45,1,train
4974,45,2,train
4975,45,3,train
4976,45,4,train
4977,45,5,train
4978,45,6,test
4979,45,7,test
4980,45,8,test
4981,45,9,train
4982,45,10,test
4983,45,11,train
4984,45,12,test
4985,45,13,train
4986,45,14,test
4987,45,15,test
4988,45,16,test
4989,45,17,test
4990,45,18,test
4991,45,19,test
4992,45,20,test
4993,45,21,test
4994,45,22,train
4995,45,23,test
4996,45,24,test
4997,45,25,test
4998,45,26,train
4999,45,27,test
5000,45,28,test
5001,45,29,test
5002,45,30,train
5003,45,31,test
5004,45,32,test
5005,45,33,test
5006,45,34,test
5007,45,35,train
5008,45,36,train
5009,45,37,test
5010,45,38,train
5011,45,39,train
5012,45,40,test
5013,45,41,test
5014,45,42,test
5015,45,43,test
5016,45,44,test
5017,45,45,test
5018,45,46,test
5019,45,47,test
5020,45,48,train
5021,45,49,test
5022,45,50,test
5023,45,51,test
5024,45,52,train
5025,45,53,test
5026,45,54,test
5027,45,55,test
5028,45,56,test
5029,45,57,test
5030,45,58,test
5031,45,59,test
5032,45,60,test
5033,45,61,train
5034,45,62,train
5035,45,63,train
5036,45,64,test
5037,45,65,train
5038,45,66,test
5039,45,67,test
5040,45,68,test
5041,45,69,train
5042,45,70,test
5043,45,71,test
5044,45,72,test
5045,45,73,test
5046,45,74,test
5047,45,75,test
5048,45,76,test
5049,45,77,test
5050,45,78,test
5051,45,79,test
5052,45,80,test
5053,45,81,test
5054,45,82,test
5055,45,83,test
5056,45,84,test
5057,45,85,train
5058,45,86,train
5059,45,87,test
5060,45,88,test
5061,45,89,test
5062,45,90,test
5063,45,91,test
5064,45,92,test
5065,45,93,test
5066,45,94,train
5067,45,95,test
5068,45,96,train
5069,45,97,train
5070,45,98,test
5071,45,99,train
5072,45,100,test
5073,45,101,train
5074,45,102,test
5075,45,103,test
5076,45,104,test
5077,45,105,test
5078,45,106,train
5079,45,107,train
5080,45,108,test
5081,45,109,test
5082,45,110,test
5083,45,111,test
5084,45,112,test
5085,46,0,test
5086,46,1,test
5087,46,2,test
5088,46,3,test
5089,46,4,train
5090,46,5,test
5091,46,6,test
5092,46,7,train
5093,46,8,train
5094,46,9,test
5095,46,10,test
5096,46,11,test
5097,46,12,test
5098,46,13,train
5099,46,14,train
5100,46,15,test
5101,46,16,test
5102,46,17,train
5103,46,18,test
5104,46,19,train
5105,46,20,test
5106,46,21,train
5107,46,22,test
5108,46,23,train
5109,46,24,train
5110,46,25,test
5111,46,26,test
5112,46,27,train
5113,46,28,test
5114,46,29,test
5115,46,30,train
5116,46,31,train
5117,46,32,train
5118,46,33,train
5119,46,34,test
5120,46,35,test
5121,46,36,test
5122,46,37,test
5123,46,38,test
5124,46,39,test
5125,46,40,train
5126,46,41,test
5127,46,42,train
5128,46,43,train
5129,46,44,test
5130,46,45,train
5131,46,46,test
5132,46,47,test
5133,46,48,test
5134,46,49,test
5135,46,50,test
5136,46,51,train
5137,46,52,test
5138,46,53,test
5139,46,54,test
5140,46,55,test
5141,46,56,test
5142,46,57,test
5143,46,58,test
5144,46,59,train
5145,46,60,test
5146,46,61,train
5147,46,62,test
5148,46,63,test
5149,46,64,test
5150,46,65,test
5151,46,66,train
5152,46,67,test
5153,46,68,test
5154,46,69,test
5155,46,70,test
5156,46,71,test
5157,46,72,test
5158,46,73,train
5159,46,74,test
5160,46,75,test
5161,46,76,test
5162,46,77,test
5163,46,78,train
5164,46,79,train
5165,46,80,train
5166,46,81,test
5167,46,82,test
5168,46,83,test
5169,46,84,test
5170,46,85,test
5171,46,86,test
5172,46,87,test
5173,46,88,test
5174,46,89,test
5175,46,90,test
5176,46,91,test
5177,46,92,train
5178,46,93,test
5179,46,94,test
5180,46,95,test
5181,46,96,test
5182,46,97,test
5183,46,98,test
5184,46,99,test
5185,46,100,test
5186,46,101,train
5187,46,102,test
5188,46,103,test
5189,46,104,train
5190,46,105,test
5191,46,106,test
5192,46,107,test
5193,46,108,train
5194,46,109,test
5195,46,110,train
5196,46,111,test
5197,46,112,train
5198,47,0,test
5199,47,1,train
5200,47,2,train
5201,47,3,train
5202,47,4,train
5203,47,5,train
5204,47,6,train
5205,47,7,train
5206,47,8,train
5207,47,9,train
5208,47,10,test
5209,47,11,test
5210,47,12,test
5211,47,13,test
5212,47,14,test
5213,47,15,test
5214,47,16,train
5215,47,17,test
5216,47,18,test
5217,47,19,test
5218,47,20,test
5219,47,21,test
5220,47,22,train
5221,47,23,test
5222,47,24,test
5223,47,25,test
5224,47,26,test
5225,47,27,test
5226,47,28,test
5227,47,29,train
5228,47,30,test
5229,47,31,train
5230,47,32,test
5231,47,33,test
5232,47,34,train
5233,47,35,test
5234,47,36,test
5235,47,37,test
5236,47,38,test
5237,47,39,train
5238,47,40,test
5239,47,41,test
5240,47,42,train
5241,47,43,test
5242,47,44,test
5243,47,45,train
5244,47,46,test
5245,47,47,test
5246,47,48,test
5247,47,49,test
5248,47,50,train
5249,47,51,test
5250,47,52,test
5251,47,53,test
5252,47,54,train
5253,47,55,test
5254,47,56,test
5255,47,57,train
5256,47,58,test
5257,47,59,test
5258,47,60,test
5259,47,61,train
5260,47,62,test
5261,47,63,test
5262,47,64,test
5263,47,65,train
5264,47,66,test
5265,47,67,train
5266,47,68,train
5267,47,69,test
5268,47,70,train
5269,47,71,test
5270,47,72,test
5271,47,73,test
5272,47,74,test
5273,47,75,test
5274,47,76,train
5275,47,77,test
5276,47,78,train
5277,47,79,test
5278,47,80,train
5279,47,81,test
5280,47,82,test
5281,47,83,test
5282,47,84,train
5283,47,85,test
5284,47,86,train
5285,47,87,test
5286,47,88,test
5287,47,89,test
5288,47,90,test
5289,47,91,test
5290,47,92,train
5291,47,93,test
5292,47,94,test
5293,47,95,test
5294,47,96,train
5295,47,97,test
5296,47,98,test
5297,47,99,train
5298,47,100,train
5299,47,101,train
5300,47,102,test
5301,47,103,test
5302,47,104,test
5303,47,105,train
5304,47,106,test
5305,47,107,test
5306,47,108,test
5307,47,109,test
5308,47,110,test
5309,47,111,test
5310,47,112,test
5311,48,0,test
5312,48,1,test
5313,48,2,test
5314,48,3,test
5315,48,4,test
5316,48,5,test
5317,48,6,test
5318,48,7,test
5319,48,8,test
5320,48,9,test
5321,48,10,test
5322,48,11,train
5323,48,12,test
5324,48,13,train
5325,48,14,test
5326,48,15,test
5327,48,16,test
5328,48,17,train
5329,48,18,test
5330,48,19,train
5331,48,20,train
5332,48,21,test
5333,48,22,test
5334,48,23,train
5335,48,24,train
5336,48,25,train
5337,48,26,test
5338,48,27,train
5339,48,28,test
5340,48,29,test
5341,48,30,train
5342,48,31,train
5343,48,32,test
5344,48,33,test
5345,48,34,test
5346,48,35,train
5347,48,36,test
5348,48,37,test
5349,48,38,test
5350,48,39,train
5351,48,40,test
5352,48,41,test
5353,48,42,test
5354,48,43,test
5355,48,44,test
5356,48,45,test
5357,48,46,train
5358,48,47,train
5359,48,48,test
5360,48,49,train
5361,48,50,train
5362,48,51,test
5363,48,52,test
5364,48,53,test
5365,48,54,test
5366,48,55,train
5367,48,56,train
5368,48,57,train
5369,48,58,test
5370,48,59,test
5371,48,60,test
5372,48,61,test
5373,48,62,test
5374,48,63,test
5375,48,64,test
5376,48,65,train
5377,48,66,train
5378,48,67,test
5379,48,68,test
5380,48,69,train
5381,48,70,test
5382,48,71,train
5383,48,72,test
5384,48,73,test
5385,48,74,train
5386,48,75,test
5387,48,76,test
5388,48,77,train
5389,48,78,test
5390,48,79,train
5391,48,80,test
5392,48,81,test
5393,48,82,test
5394,48,83,test
5395,48,84,train
5396,48,85,test
5397,48,86,test
5398,48,87,test
5399,48,88,test
5400,48,89,test
5401,48,90,test
5402,48,91,test
5403,48,92,test
5404,48,93,test
5405,48,94,train
5406,48,95,train
5407,48,96,test
5408,48,97,train
5409,48,98,test
5410,48,99,test
5411,48,100,test
5412,48,101,test
5413,48,102,test
5414,48,103,test
5415,48,104,test
5416,48,105,test
5417,48,106,test
5418,48,107,train
5419,48,108,test
5420,48,109,test
5421,48,110,test
5422,48,111,test
5423,48,112,test
5424,49,0,test
5425,49,1,test
5426,49,2,train
5427,49,3,test
5428,49,4,test
5429,49,5,test
5430,49,6,train
5431,49,7,test
5432,49,8,test
5433,49,9,train
5434,49,10,test
5435,49,11,test
5436,49,12,train
5437,49,13,train
5438,49,14,test
5439,49,15,test
5440,49,16,train
5441,49,17,test
5442,49,18,test
5443,49,19,test
5444,49,20,train
5445,49,21,test
5446,49,22,test
5447,49,23,test
5448,49,24,train
5449,49,25,test
5450,49,26,train
5451,49,27,train
5452,49,28,test
5453,49,29,train
5454,49,30,train
5455,49,31,test
5456,49,32,test
5457,49,33,test
5458,49,34,test
5459,49,35,train
5460,49,36,test
5461,49,37,test
5462,49,38,train
5463,49,39,test
5464,49,40,test
5465,49,41,test
5466,49,42,test
5467,49,43,train
5468,49,44,train
5469,49,45,test
5470,49,46,train
5471,49,47,train
5472,49,48,train
5473,49,49,train
5474,49,50,test
5475,49,51,train
5476,49,52,train
5477,49,53,test
5478,49,54,train
5479,49,55,test
5480,49,56,train
5481,49,57,train
5482,49,58,test
5483,49,59,test
5484,49,60,test
5485,49,61,test
5486,49,62,train
5487,49,63,train
5488,49,64,test
5489,49,65,test
5490,49,66,test
5491,49,67,test
5492,49,68,train
5493,49,69,test
5494,49,70,train
5495,49,71,test
5496,49,72,test
5497,49,73,test
5498,49,74,test
5499,49,75,test
5500,49,76,test
5501,49,77,test
5502,49,78,test
5503,49,79,test
5504,49,80,test
5505,49,81,test
5506,49,82,test
5507,49,83,test
5508,49,84,test
5509,49,85,test
5510,49,86,test
5511,49,87,test
5512,49,88,train
5513,49,89,train
5514,49,90,test
5515,49,91,test
5516,49,92,train
5517,49,93,test
5518,49,94,test
5519,49,95,test
5520,49,96,train
5521,49,97,test
5522,49,98,test
5523,49,99,test
5524,49,100,train
5525,49,101,test
5526,49,102,test
5527,49,103,test
5528,49,104,train
5529,49,105,test
5530,49,106,test
5531,49,107,test
5532,49,108,train
5533,49,109,test
5534,49,110,train
5535,49,111,test
5536,49,112,test
5537,50,0,train
5538,50,1,train
5539,50,2,test
5540,50,3,train
5541,50,4,train
5542,50,5,test
5543,50,6,test
5544,50,7,train
5545,50,8,test
5546,50,9,test
5547,50,10,train
5548,50,11,test
5549,50,12,test
5550,50,13,train
5551,50,14,train
5552,50,15,test
5553,50,16,test
5554,50,17,test
5555,50,18,test
5556,50,19,train
5557,50,20,train
5558,50,21,test
5559,50,22,test
5560,50,23,test
5561,50,24,train
5562,50,25,test
5563,50,26,train
5564,50,27,train
5565,50,28,train
5566,50,29,train
5567,50,30,test
5568,50,31,test
5569,50,32,train
5570,50,33,train
5571,50,34,train
5572,50,35,train
5573,50,36,test
5574,50,37,test
5575,50,38,test
5576,50,39,test
5577,50,40,test
5578,50,41,test
5579,50,42,train
5580,50,43,test
5581,50,44,train
5582,50,45,test
5583,50,46,test
5584,50,47,test
5585,50,48,test
5586,50,49,train
5587,50,50,train
5588,50,51,test
5589,50,52,train
5590,50,53,test
5591,50,54,test
5592,50,55,test
5593,50,56,train
5594,50,57,train
5595,50,58,train
5596,50,59,test
5597,50,60,test
5598,50,61,test
5599,50,62,train
5600,50,63,test
5601,50,64,train
5602,50,65,test
5603,50,66,test
5604,50,67,test
5605,50,68,test
5606,50,69,test
5607,50,70,test
5608,50,71,test
5609,50,72,test
5610,50,73,train
5611,50,74,train
5612,50,75,test
5613,50,76,train
5614,50,77,test
5615,50,78,test
5616,50,79,test
5617,50,80,test
5618,50,81,test
5619,50,82,test
5620,50,83,test
5621,50,84,train
5622,50,85,test
5623,50,86,test
5624,50,87,test
5625,50,88,test
5626,50,89,test
5627,50,90,test
5628,50,91,test
5629,50,92,test
5630,50,93,test
5631,50,94,test
5632,50,95,test
5633,50,96,test
5634,50,97,test
5635,50,98,test
5636,50,99,test
5637,50,100,test
5638,50,101,train
5639,50,102,test
5640,50,103,test
5641,50,104,test
5642,50,105,test
5643,50,106,train
5644,50,107,test
5645,50,108,train
5646,50,109,test
5647,50,110,train
5648,50,111,train
5649,50,112,test
5650,51,0,test
5651,51,1,test
5652,51,2,test
5653,51,3,train
5654,51,4,test
5655,51,5,test
5656,51,6,test
5657,51,7,test
5658,51,8,test
5659,51,9,train
5660,51,10,train
5661,51,11,test
5662,51,12,test
5663,51,13,test
5664,51,14,test
5665,51,15,test
5666,51,16,test
5667,51,17,test
5668,51,18,train
5669,51,19,test
5670,51,20,train
5671,51,21,test
5672,51,22,test
5673,51,23,test
5674,51,24,test
5675,51,25,test
5676,51,26,test
5677,51,27,train
5678,51,28,train
5679,51,29,train
5680,51,30,test
5681,51,31,train
5682,51,32,test
5683,51,33,test
5684,51,34,test
5685,51,35,train
5686,51,36,test
5687,51,37,test
5688,51,38,test
5689,51,39,train
5690,51,40,test
5691,51,41,train
5692,51,42,test
5693,51,43,train
5694,51,44,test
5695,51,45,train
5696,51,46,test
5697,51,47,test
5698,51,48,train
5699,51,49,train
5700,51,50,test
5701,51,51,train
5702,51,52,test
5703,51,53,train
5704,51,54,test
5705,51,55,test
5706,51,56,test
5707,51,57,test
5708,51,58,train
5709,51,59,test
5710,51,60,test
5711,51,61,test
5712,51,62,test
5713,51,63,test
5714,51,64,test
5715,51,65,test
5716,51,66,test
5717,51,67,train
5718,51,68,test
5719,51,69,train
5720,51,70,test
5721,51,71,test
5722,51,72,train
5723,51,73,train
5724,51,74,test
5725,51,75,test
5726,51,76,test
5727,51,77,test
5728,51,78,test
5729,51,79,train
5730,51,80,test
5731,51,81,test
5732,51,82,test
5733,51,83,test
5734,51,84,test
5735,51,85,train
5736,51,86,test
5737,51,87,train
5738,51,88,test
5739,51,89,train
5740,51,90,test
5741,51,91,test
5742,51,92,test
5743,51,93,train
5744,51,94,test
5745,51,95,test
5746,51,96,test
5747,51,97,test
5748,51,98,test
5749,51,99,train
5750,51,100,train
5751,51,101,test
5752,51,102,test
5753,51,103,test
5754,51,104,test
5755,51,105,test
5756,51,106,test
5757,51,107,test
5758,51,108,train
5759,51,109,test
5760,51,110,train
5761,51,111,test
5762,51,112,train
5763,52,0,test
5764,52,1,test
5765,52,2,test
5766,52,3,test
5767,52,4,train
5768,52,5,test
5769,52,6,test
5770,52,7,test
5771,52,8,test
5772,52,9,test
5773,52,10,train
5774,52,11,train
5775,52,12,test
5776,52,13,test
5777,52,14,train
5778,52,15,test
5779,52,16,test
5780,52,17,test
5781,52,18,test
5782,52,19,train
5783,52,20,train
5784,52,21,train
5785,52,22,test
5786,52,23,train
5787,52,24,train
5788,52,25,test
5789,52,26,test
5790,52,27,test
5791,52,28,train
5792,52,29,test
5793,52,30,test
5794,52,31,test
5795,52,32,train
5796,52,33,train
5797,52,34,test
5798,52,35,test
5799,52,36,test
5800,52,37,test
5801,52,38,train
5802,52,39,test
5803,52,40,test
5804,52,41,test
5805,52,42,train
5806,52,43,test
5807,52,44,test
5808,52,45,train
5809,52,46,test
5810,52,47,train
5811,52,48,test
5812,52,49,test
5813,52,50,test
5814,52,51,train
5815,52,52,train
5816,52,53,test
5817,52,54,test
5818,52,55,test
5819,52,56,test
5820,52,57,test
5821,52,58,test
5822,52,59,train
5823,52,60,train
5824,52,61,test
5825,52,62,train
5826,52,63,train
5827,52,64,train
5828,52,65,test
5829,52,66,test
5830,52,67,train
5831,52,68,test
5832,52,69,test
5833,52,70,test
5834,52,71,test
5835,52,72,train
5836,52,73,test
5837,52,74,test
5838,52,75,train
5839,52,76,train
5840,52,77,test
5841,52,78,train
5842,52,79,train
5843,52,80,train
5844,52,81,train
5845,52,82,train
5846,52,83,test
5847,52,84,train
5848,52,85,test
5849,52,86,train
5850,52,87,test
5851,52,88,train
5852,52,89,test
5853,52,90,train
5854,52,91,test
5855,52,92,train
5856,52,93,test
5857,52,94,test
5858,52,95,test
5859,52,96,train
5860,52,97,test
5861,52,98,test
5862,52,99,test
5863,52,100,train
5864,52,101,test
5865,52,102,test
5866,52,103,test
5867,52,104,train
5868,52,105,test
5869,52,106,test
5870,52,107,test
5871,52,108,test
5872,52,109,test
5873,52,110,test
5874,52,111,test
5875,52,112,test
5876,53,0,test
5877,53,1,test
5878,53,2,test
5879,53,3,train
5880,53,4,test
5881,53,5,test
5882,53,6,test
5883,53,7,test
5884,53,8,test
5885,53,9,test
5886,53,10,test
5887,53,11,train
5888,53,12,test
5889,53,13,train
5890,53,14,test
5891,53,15,train
5892,53,16,test
5893,53,17,test
5894,53,18,test
5895,53,19,train
5896,53,20,test
5897,53,21,train
5898,53,22,test
5899,53,23,test
5900,53,24,test
5901,53,25,test
5902,53,26,test
5903,53,27,test
5904,53,28,test
5905,53,29,test
5906,53,30,test
5907,53,31,train
5908,53,32,test
5909,53,33,test
5910,53,34,test
5911,53,35,test
5912,53,36,test
5913,53,37,train
5914,53,38,train
5915,53,39,test
5916,53,40,test
5917,53,41,train
5918,53,42,train
5919,53,43,test
5920,53,44,train
5921,53,45,train
5922,53,46,test
5923,53,47,train
5924,53,48,test
5925,53,49,test
5926,53,50,train
5927,53,51,test
5928,53,52,test
5929,53,53,train
5930,53,54,test
5931,53,55,test
5932,53,56,test
5933,53,57,test
5934,53,58,test
5935,53,59,test
5936,53,60,test
5937,53,61,train
5938,53,62,test
5939,53,63,test
5940,53,64,test
5941,53,65,train
5942,53,66,test
5943,53,67,train
5944,53,68,test
5945,53,69,train
5946,53,70,test
5947,53,71,test
5948,53,72,test
5949,53,73,test
5950,53,74,train
5951,53,75,train
5952,53,76,test
5953,53,77,test
5954,53,78,train
5955,53,79,test
5956,53,80,test
5957,53,81,test
5958,53,82,test
5959,53,83,test
5960,53,84,train
5961,53,85,test
5962,53,86,test
5963,53,87,test
5964,53,88,test
5965,53,89,test
5966,53,90,train
5967,53,91,test
5968,53,92,test
5969,53,93,test
5970,53,94,test
5971,53,95,test
5972,53,96,train
5973,53,97,test
5974,53,98,test
5975,53,99,test
5976,53,100,test
5977,53,101,test
5978,53,102,test
5979,53,103,test
5980,53,104,test
5981,53,105,train
5982,53,106,train
5983,53,107,train
5984,53,108,test
5985,53,109,train
5986,53,110,test
5987,53,111,test
5988,53,112,test
5989,54,0,test
5990,54,1,test
5991,54,2,train
5992,54,3,test
5993,54,4,test
5994,54,5,test
5995,54,6,test
5996,54,7,test
5997,54,8,train
5998,54,9,train
5999,54,10,test
6000,54,11,train
6001,54,12,test
6002,54,13,train
6003,54,14,train
6004,54,15,test
6005,54,16,train
6006,54,17,test
6007,54,18,test
6008,54,19,test
6009,54,20,test
6010,54,21,test
6011,54,22,train
6012,54,23,test
6013,54,24,train
6014,54,25,train
6015,54,26,test
6016,54,27,test
6017,54,28,train
6018,54,29,test
6019,54,30,test
6020,54,31,train
6021,54,32,test
6022,54,33,test
6023,54,34,test
6024,54,35,test
6025,54,36,test
6026,54,37,test
6027,54,38,test
6028,54,39,test
6029,54,40,test
6030,54,41,train
6031,54,42,test
6032,54,43,train
6033,54,44,test
6034,54,45,test
6035,54,46,test
6036,54,47,test
6037,54,48,test
6038,54,49,test
6039,54,50,test
6040,54,51,train
6041,54,52,test
6042,54,53,test
6043,54,54,test
6044,54,55,test
6045,54,56,train
6046,54,57,test
6047,54,58,test
6048,54,59,train
6049,54,60,test
6050,54,61,test
6051,54,62,train
6052,54,63,test
6053,54,64,train
6054,54,65,test
6055,54,66,test
6056,54,67,test
6057,54,68,test
6058,54,69,test
6059,54,70,train
6060,54,71,test
6061,54,72,train
6062,54,73,test
6063,54,74,train
6064,54,75,test
6065,54,76,test
6066,54,77,test
6067,54,78,train
6068,54,79,train
6069,54,80,train
6070,54,81,test
6071,54,82,test
6072,54,83,test
6073,54,84,test
6074,54,85,test
6075,54,86,train
6076,54,87,train
6077,54,88,test
6078,54,89,test
6079,54,90,test
6080,54,91,train
6081,54,92,test
6082,54,93,test
6083,54,94,test
6084,54,95,train
6085,54,96,train
6086,54,97,test
6087,54,98,test
6088,54,99,train
6089,54,100,test
6090,54,101,test
6091,54,102,test
6092,54,103,test
6093,54,104,test
6094,54,105,test
6095,54,106,test
6096,54,107,test
6097,54,108,test
6098,54,109,test
6099,54,110,test
6100,54,111,test
6101,54,112,test
6102,55,0,test
6103,55,1,test
6104,55,2,train
6105,55,3,test
6106,55,4,train
6107,55,5,train
6108,55,6,test
6109,55,7,train
6110,55,8,test
6111,55,9,train
6112,55,10,test
6113,55,11,test
6114,55,12,test
6115,55,13,train
6116,55,14,test
6117,55,15,test
6118,55,16,test
6119,55,17,test
6120,55,18,test
6121,55,19,test
6122,55,20,test
6123,55,21,train
6124,55,22,test
6125,55,23,test
6126,55,24,test
6127,55,25,test
6128,55,26,train
6129,55,27,test
6130,55,28,test
6131,55,29,test
6132,55,30,test
6133,55,31,train
6134,55,32,test
6135,55,33,test
6136,55,34,test
6137,55,35,test
6138,55,36,train
6139,55,37,train
6140,55,38,train
6141,55,39,test
6142,55,40,test
6143,55,41,train
6144,55,42,test
6145,55,43,test
6146,55,44,test
6147,55,45,test
6148,55,46,test
6149,55,47,test
6150,55,48,test
6151,55,49,test
6152,55,50,test
6153,55,51,test
6154,55,52,test
6155,55,53,train
6156,55,54,train
6157,55,55,train
6158,55,56,train
6159,55,57,test
6160,55,58,test
6161,55,59,test
6162,55,60,test
6163,55,61,test
6164,55,62,test
6165,55,63,test
6166,55,64,test
6167,55,65,test
6168,55,66,test
6169,55,67,test
6170,55,68,train
6171,55,69,test
6172,55,70,test
6173,55,71,test
6174,55,72,train
6175,55,73,train
6176,55,74,test
6177,55,75,train
6178,55,76,test
6179,55,77,test
6180,55,78,test
6181,55,79,test
6182,55,80,train
6183,55,81,train
6184,55,82,test
6185,55,83,test
6186,55,84,train
6187,55,85,test
6188,55,86,test
6189,55,87,train
6190,55,88,train
6191,55,89,test
6192,55,90,test
6193,55,91,train
6194,55,92,train
6195,55,93,train
6196,55,94,train
6197,55,95,train
6198,55,96,test
6199,55,97,test
6200,55,98,test
6201,55,99,test
6202,55,100,test
6203,55,101,test
6204,55,102,test
6205,55,103,test
6206,55,104,train
6207,55,105,train
6208,55,106,test
6209,55,107,test
6210,55,108,train
6211,55,109,test
6212,55,110,train
6213,55,111,test
6214,55,112,test
6215,56,0,test
6216,56,1,test
6217,56,2,train
6218,56,3,train
6219,56,4,test
6220,56,5,test
6221,56,6,test
6222,56,7,test
6223,56,8,test
6224,56,9,test
6225,56,10,test
6226,56,11,test
6227,56,12,test
6228,56,13,test
6229,56,14,test
6230,56,15,test
6231,56,16,train
6232,56,17,test
6233,56,18,test
6234,56,19,train
6235,56,20,train
6236,56,21,test
6237,56,22,test
6238,56,23,test
6239,56,24,test
6240,56,25,test
6241,56,26,train
6242,56,27,test
6243,56,28,train
6244,56,29,test
6245,56,30,test
6246,56,31,test
6247,56,32,train
6248,56,33,test
6249,56,34,test
6250,56,35,test
6251,56,36,train
6252,56,37,test
6253,56,38,test
6254,56,39,train
6255,56,40,train
6256,56,41,test
6257,56,42,train
6258,56,43,test
6259,56,44,test
6260,56,45,test
6261,56,46,test
6262,56,47,train
6263,56,48,test
6264,56,49,train
6265,56,50,train
6266,56,51,test
6267,56,52,test
6268,56,53,train
6269,56,54,test
6270,56,55,test
6271,56,56,train
6272,56,57,test
6273,56,58,test
6274,56,59,test
6275,56,60,test
6276,56,61,test
6277,56,62,test
6278,56,63,train
6279,56,64,train
6280,56,65,test
6281,56,66,test
6282,56,67,train
6283,56,68,test
6284,56,69,test
6285,56,70,test
6286,56,71,test
6287,56,72,test
6288,56,73,test
6289,56,74,test
6290,56,75,test
6291,56,76,test
6292,56,77,test
6293,56,78,test
6294,56,79,train
6295,56,80,train
6296,56,81,test
6297,56,82,train
6298,56,83,train
6299,56,84,test
6300,56,85,test
6301,56,86,test
6302,56,87,test
6303,56,88,train
6304,56,89,test
6305,56,90,test
6306,56,91,test
6307,56,92,test
6308,56,93,test
6309,56,94,train
6310,56,95,train
6311,56,96,test
6312,56,97,train
6313,56,98,test
6314,56,99,test
6315,56,100,test
6316,56,101,test
6317,56,102,test
6318,56,103,train
6319,56,104,test
6320,56,105,train
6321,56,106,train
6322,56,107,test
6323,56,108,test
6324,56,109,test
6325,56,110,test
6326,56,111,test
6327,56,112,train
6328,57,0,test
6329,57,1,test
6330,57,2,train
6331,57,3,test
6332,57,4,train
6333,57,5,test
6334,57,6,test
6335,57,7,test
6336,57,8,train
6337,57,9,test
6338,57,10,test
6339,57,11,train
6340,57,12,test
6341,57,13,train
6342,57,14,test
6343,57,15,train
6344,57,16,train
6345,57,17,train
6346,57,18,test
6347,57,19,test
6348,57,20,test
6349,57,21,test
6350,57,22,test
6351,57,23,train
6352,57,24,train
6353,57,25,test
6354,57,26,test
6355,57,27,test
6356,57,28,test
6357,57,29,test
6358,57,30,test
6359,57,31,train
6360,57,32,train
6361,57,33,test
6362,57,34,test
6363,57,35,test
6364,57,36,test
6365,57,37,train
6366,57,38,train
6367,57,39,test
6368,57,40,train
6369,57,41,test
6370,57,42,test
6371,57,43,test
6372,57,44,train
6373,57,45,test
6374,57,46,train
6375,57,47,test
6376,57,48,test
6377,57,49,train
6378,57,50,train
6379,57,51,train
6380,57,52,train
6381,57,53,test
6382,57,54,train
6383,57,55,test
6384,57,56,train
6385,57,57,test
6386,57,58,test
6387,57,59,test
6388,57,60,test
6389,57,61,test
6390,57,62,test
6391,57,63,train
6392,57,64,test
6393,57,65,train
6394,57,66,test
6395,57,67,train
6396,57,68,test
6397,57,69,test
6398,57,70,test
6399,57,71,train
6400,57,72,train
6401,57,73,test
6402,57,74,train
6403,57,75,test
6404,57,76,test
6405,57,77,train
6406,57,78,train
6407,57,79,train
6408,57,80,test
6409,57,81,train
6410,57,82,test
6411,57,83,test
6412,57,84,test
6413,57,85,train
6414,57,86,train
6415,57,87,test
6416,57,88,train
6417,57,89,test
6418,57,90,test
6419,57,91,test
6420,57,92,test
6421,57,93,test
6422,57,94,test
6423,57,95,test
6424,57,96,test
6425,57,97,test
6426,57,98,test
6427,57,99,test
6428,57,100,test
6429,57,101,test
6430,57,102,train
6431,57,103,test
6432,57,104,train
6433,57,105,test
6434,57,106,test
6435,57,107,test
6436,57,108,test
6437,57,109,test
6438,57,110,test
6439,57,111,test
6440,57,112,test
6441,58,0,test
6442,58,1,test
6443,58,2,train
6444,58,3,test
6445,58,4,test
6446,58,5,test
6447,58,6,test
6448,58,7,test
6449,58,8,test
6450,58,9,train
6451,58,10,test
6452,58,11,test
6453,58,12,test
6454,58,13,train
6455,58,14,test
6456,58,15,test
6457,58,16,test
6458,58,17,train
6459,58,18,test
6460,58,19,test
6461,58,20,test
6462,58,21,train
6463,58,22,test
6464,58,23,test
6465,58,24,test
6466,58,25,test
6467,58,26,train
6468,58,27,test
6469,58,28,train
6470,58,29,test
6471,58,30,test
6472,58,31,test
6473,58,32,test
6474,58,33,test
6475,58,34,test
6476,58,35,test
6477,58,36,train
6478,58,37,train
6479,58,38,train
6480,58,39,train
6481,58,40,test
6482,58,41,test
6483,58,42,test
6484,58,43,test
6485,58,44,test
6486,58,45,train
6487,58,46,test
6488,58,47,train
6489,58,48,test
6490,58,49,train
6491,58,50,train
6492,58,51,test
6493,58,52,test
6494,58,53,train
6495,58,54,test
6496,58,55,test
6497,58,56,train
6498,58,57,test
6499,58,58,test
6500,58,59,train
6501,58,60,test
6502,58,61,test
6503,58,62,test
6504,58,63,test
6505,58,64,test
6506,58,65,test
6507,58,66,test
6508,58,67,train
6509,58,68,test
6510,58,69,test
6511,58,70,test
6512,58,71,test
6513,58,72,test
6514,58,73,train
6515,58,74,test
6516,58,75,test
6517,58,76,test
6518,58,77,test
6519,58,78,train
6520,58,79,test
6521,58,80,test
6522,58,81,test
6523,58,82,test
6524,58,83,test
6525,58,84,test
6526,58,85,train
6527,58,86,test
6528,58,87,test
6529,58,88,test
6530,58,89,test
6531,58,90,train
6532,58,91,test
6533,58,92,train
6534,58,93,train
6535,58,94,test
6536,58,95,test
6537,58,96,test
6538,58,97,test
6539,58,98,train
6540,58,99,train
6541,58,100,test
6542,58,101,test
6543,58,102,test
6544,58,103,test
6545,58,104,train
6546,58,105,train
6547,58,106,test
6548,58,107,test
6549,58,108,test
6550,58,109,test
6551,58,110,train
6552,58,111,train
6553,58,112,test
6554,59,0,test
6555,59,1,train
6556,59,2,train
6557,59,3,test
6558,59,4,train
6559,59,5,train
6560,59,6,test
6561,59,7,test
6562,59,8,train
6563,59,9,test
6564,59,10,test
6565,59,11,test
6566,59,12,test
6567,59,13,test
6568,59,14,test
6569,59,15,train
6570,59,16,test
6571,59,17,train
6572,59,18,test
6573,59,19,test
6574,59,20,train
6575,59,21,test
6576,59,22,test
6577,59,23,test
6578,59,24,test
6579,59,25,train
6580,59,26,test
6581,59,27,test
6582,59,28,test
6583,59,29,test
6584,59,30,test
6585,59,31,test
6586,59,32,train
6587,59,33,test
6588,59,34,test
6589,59,35,test
6590,59,36,test
6591,59,37,test
6592,59,38,test
6593,59,39,train
6594,59,40,test
6595,59,41,train
6596,59,42,test
6597,59,43,train
6598,59,44,train
6599,59,45,test
6600,59,46,test
6601,59,47,train
6602,59,48,test
6603,59,49,test
6604,59,50,train
6605,59,51,test
6606,59,52,test
6607,59,53,test
6608,59,54,train
6609,59,55,test
6610,59,56,train
6611,59,57,train
6612,59,58,train
6613,59,59,test
6614,59,60,train
6615,59,61,test
6616,59,62,test
6617,59,63,test
6618,59,64,train
6619,59,65,train
6620,59,66,test
6621,59,67,test
6622,59,68,test
6623,59,69,train
6624,59,70,test
6625,59,71,test
6626,59,72,test
6627,59,73,test
6628,59,74,test
6629,59,75,train
6630,59,76,train
6631,59,77,train
6632,59,78,train
6633,59,79,train
6634,59,80,train
6635,59,81,test
6636,59,82,test
6637,59,83,train
6638,59,84,test
6639,59,85,test
6640,59,86,test
6641,59,87,train
6642,59,88,test
6643,59,89,test
6644,59,90,train
6645,59,91,test
6646,59,92,train
6647,59,93,test
6648,59,94,train
6649,59,95,train
6650,59,96,train
6651,59,97,train
6652,59,98,test
6653,59,99,test
6654,59,100,test
6655,59,101,test
6656,59,102,train
6657,59,103,test
6658,59,104,test
6659,59,105,test
6660,59,106,test
6661,59,107,test
6662,59,108,train
6663,59,109,train
6664,59,110,train
6665,59,111,train
6666,59,112,test
6667,60,0,test
6668,60,1,test
6669,60,2,test
6670,60,3,test
6671,60,4,test
6672,60,5,train
6673,60,6,train
6674,60,7,train
6675,60,8,train
6676,60,9,train
6677,60,10,test
6678,60,11,test
6679,60,12,test
6680,60,13,test
6681,60,14,train
6682,60,15,train
6683,60,16,test
6684,60,17,test
6685,60,18,test
6686,60,19,test
6687,60,20,test
6688,60,21,test
6689,60,22,test
6690,60,23,test
6691,60,24,test
6692,60,25,test
6693,60,26,test
6694,60,27,test
6695,60,28,test
6696,60,29,train
6697,60,30,test
6698,60,31,test
6699,60,32,train
6700,60,33,train
6701,60,34,test
6702,60,35,test
6703,60,36,test
6704,60,37,test
6705,60,38,test
6706,60,39,train
6707,60,40,train
6708,60,41,test
6709,60,42,test
6710,60,43,train
6711,60,44,train
6712,60,45,train
6713,60,46,test
6714,60,47,test
6715,60,48,test
6716,60,49,test
6717,60,50,test
6718,60,51,test
6719,60,52,test
6720,60,53,train
6721,60,54,test
6722,60,55,test
6723,60,56,test
6724,60,57,test
6725,60,58,train
6726,60,59,test
6727,60,60,train
6728,60,61,test
6729,60,62,train
6730,60,63,test
6731,60,64,test
6732,60,65,test
6733,60,66,test
6734,60,67,test
6735,60,68,test
6736,60,69,train
6737,60,70,test
6738,60,71,test
6739,60,72,test
6740,60,73,train
6741,60,74,train
6742,60,75,train
6743,60,76,test
6744,60,77,test
6745,60,78,test
6746,60,79,test
6747,60,80,test
6748,60,81,train
6749,60,82,train
6750,60,83,test
6751,60,84,test
6752,60,85,train
6753,60,86,test
6754,60,87,test
6755,60,88,test
6756,60,89,test
6757,60,90,train
6758,60,91,test
6759,60,92,train
6760,60,93,test
6761,60,94,test
6762,60,95,train
6763,60,96,train
6764,60,97,train
6765,60,98,test
6766,60,99,train
6767,60,100,test
6768,60,101,test
6769,60,102,test
6770,60,103,test
6771,60,104,test
6772,60,105,test
6773,60,106,train
6774,60,107,train
6775,60,108,test
6776,60,109,test
6777,60,110,train
6778,60,111,train
6779,60,112,test
6780,61,0,train
6781,61,1,test
6782,61,2,test
6783,61,3,test
6784,61,4,test
6785,61,5,test
6786,61,6,test
6787,61,7,test
6788,61,8,train
6789,61,9,test
6790,61,10,test
6791,61,11,train
6792,61,12,test
6793,61,13,train
6794,61,14,test
6795,61,15,train
6796,61,16,test
6797,61,17,test
6798,61,18,test
6799,61,19,test
6800,61,20,train
6801,61,21,test
6802,61,22,test
6803,61,23,test
6804,61,24,train
6805,61,25,train
6806,61,26,test
6807,61,27,test
6808,61,28,train
6809,61,29,test
6810,61,30,train
6811,61,31,test
6812,61,32,test
6813,61,33,test
6814,61,34,test
6815,61,35,test
6816,61,36,test
6817,61,37,test
6818,61,38,test
6819,61,39,test
6820,61,40,test
6821,61,41,test
6822,61,42,train
6823,61,43,test
6824,61,44,test
6825,61,45,test
6826,61,46,test
6827,61,47,train
6828,61,48,test
6829,61,49,train
6830,61,50,train
6831,61,51,train
6832,61,52,test
6833,61,53,train
6834,61,54,test
6835,61,55,test
6836,61,56,train
6837,61,57,test
6838,61,58,test
6839,61,59,test
6840,61,60,train
6841,61,61,test
6842,61,62,train
6843,61,63,test
6844,61,64,test
6845,61,65,test
6846,61,66,test
6847,61,67,test
6848,61,68,test
6849,61,69,train
6850,61,70,test
6851,61,71,test
6852,61,72,test
6853,61,73,test
6854,61,74,train
6855,61,75,test
6856,61,76,test
6857,61,77,test
6858,61,78,test
6859,61,79,test
6860,61,80,test
6861,61,81,test
6862,61,82,test
6863,61,83,test
6864,61,84,train
6865,61,85,test
6866,61,86,test
6867,61,87,train
6868,61,88,test
6869,61,89,train
6870,61,90,test
6871,61,91,test
6872,61,92,test
6873,61,93,test
6874,61,94,test
6875,61,95,test
6876,61,96,test
6877,61,97,test
6878,61,98,test
6879,61,99,test
6880,61,100,test
6881,61,101,test
6882,61,102,test
6883,61,103,test
6884,61,104,test
6885,61,105,train
6886,61,106,test
6887,61,107,test
6888,61,108,test
6889,61,109,test
6890,61,110,train
6891,61,111,train
6892,61,112,test
6893,62,0,test
6894,62,1,test
6895,62,2,test
6896,62,3,train
6897,62,4,test
6898,62,5,train
6899,62,6,test
6900,62,7,test
6901,62,8,train
6902,62,9,train
6903,62,10,test
6904,62,11,train
6905,62,12,test
6906,62,13,test
6907,62,14,test
6908,62,15,test
6909,62,16,test
6910,62,17,test
6911,62,18,train
6912,62,19,test
6913,62,20,test
6914,62,21,train
6915,62,22,train
6916,62,23,test
6917,62,24,test
6918,62,25,train
6919,62,26,test
6920,62,27,test
6921,62,28,test
6922,62,29,train
6923,62,30,train
6924,62,31,test
6925,62,32,train
6926,62,33,train
6927,62,34,train
6928,62,35,train
6929,62,36,test
6930,62,37,test
6931,62,38,test
6932,62,39,test
6933,62,40,test
6934,62,41,test
6935,62,42,test
6936,62,43,test
6937,62,44,test
6938,62,45,train
6939,62,46,test
6940,62,47,train
6941,62,48,test
6942,62,49,test
6943,62,50,test
6944,62,51,train
6945,62,52,train
6946,62,53,test
6947,62,54,test
6948,62,55,test
6949,62,56,train
6950,62,57,train
6951,62,58,test
6952,62,59,train
6953,62,60,train
6954,62,61,test
6955,62,62,test
6956,62,63,test
6957,62,64,train
6958,62,65,test
6959,62,66,test
6960,62,67,train
6961,62,68,test
6962,62,69,train
6963,62,70,test
6964,62,71,train
6965,62,72,test
6966,62,73,train
6967,62,74,test
6968,62,75,test
6969,62,76,test
6970,62,77,train
6971,62,78,test
6972,62,79,train
6973,62,80,train
6974,62,81,test
6975,62,82,test
6976,62,83,train
6977,62,84,test
6978,62,85,train
6979,62,86,test
6980,62,87,test
6981,62,88,test
6982,62,89,train
6983,62,90,test
6984,62,91,test
6985,62,92,test
6986,62,93,test
6987,62,94,test
6988,62,95,test
6989,62,96,test
6990,62,97,test
6991,62,98,test
6992,62,99,test
6993,62,100,train
6994,62,101,test
6995,62,102,train
6996,62,103,test
6997,62,104,train
6998,62,105,train
6999,62,106,test
7000,62,107,train
7001,62,108,train
7002,62,109,train
7003,62,110,test
7004,62,111,test
7005,62,112,test
7006,63,0,test
7007,63,1,test
7008,63,2,test
7009,63,3,test
7010,63,4,test
7011,63,5,train
7012,63,6,train
7013,63,7,test
7014,63,8,test
7015,63,9,test
7016,63,10,test
7017,63,11,train
7018,63,12,test
7019,63,13,test
7020,63,14,test
7021,63,15,test
7022,63,16,test
7023,63,17,train
7024,63,18,train
7025,63,19,test
7026,63,20,train
7027,63,21,test
7028,63,22,train
7029,63,23,test
7030,63,24,test
7031,63,25,train
7032,63,26,test
7033,63,27,test
7034,63,28,test
7035,63,29,test
7036,63,30,test
7037,63,31,test
7038,63,32,train
7039,63,33,test
7040,63,34,test
7041,63,35,test
7042,63,36,test
7043,63,37,test
7044,63,38,test
7045,63,39,train
7046,63,40,test
7047,63,41,train
7048,63,42,test
7049,63,43,test
7050,63,44,test
7051,63,45,test
7052,63,46,test
7053,63,47,test
7054,63,48,test
7055,63,49,test
7056,63,50,test
7057,63,51,train
7058,63,52,test
7059,63,53,test
7060,63,54,test
7061,63,55,test
7062,63,56,test
7063,63,57,test
7064,63,58,test
7065,63,59,train
7066,63,60,test
7067,63,61,train
7068,63,62,train
7069,63,63,test
7070,63,64,test
7071,63,65,train
7072,63,66,test
7073,63,67,train
7074,63,68,test
7075,63,69,test
7076,63,70,test
7077,63,71,train
7078,63,72,test
7079,63,73,train
7080,63,74,test
7081,63,75,test
7082,63,76,train
7083,63,77,train
7084,63,78,test
7085,63,79,test
7086,63,80,train
7087,63,81,test
7088,63,82,test
7089,63,83,test
7090,63,84,train
7091,63,85,test
7092,63,86,train
7093,63,87,test
7094,63,88,train
7095,63,89,train
7096,63,90,test
7097,63,91,test
7098,63,92,test
7099,63,93,train
7100,63,94,test
7101,63,95,train
7102,63,96,test
7103,63,97,test
7104,63,98,test
7105,63,99,test
7106,63,100,train
7107,63,101,train
7108,63,102,test
7109,63,103,test
7110,63,104,test
7111,63,105,train
7112,63,106,train
7113,63,107,test
7114,63,108,train
7115,63,109,train
7116,63,110,train
7117,63,111,test
7118,63,112,test
7119,64,0,test
7120,64,1,test
7121,64,2,test
7122,64,3,train
7123,64,4,test
7124,64,5,train
7125,64,6,test
7126,64,7,test
7127,64,8,test
7128,64,9,test
7129,64,10,test
7130,64,11,train
7131,64,12,test
7132,64,13,train
7133,64,14,test
7134,64,15,train
7135,64,16,test
7136,64,17,test
7137,64,18,test
7138,64,19,test
7139,64,20,train
7140,64,21,test
7141,64,22,test
7142,64,23,test
7143,64,24,test
7144,64,25,test
7145,64,26,test
7146,64,27,train
7147,64,28,test
7148,64,29,test
7149,64,30,test
7150,64,31,train
7151,64,32,train
7152,64,33,train
7153,64,34,train
7154,64,35,train
7155,64,36,test
7156,64,37,train
7157,64,38,test
7158,64,39,test
7159,64,40,test
7160,64,41,test
7161,64,42,test
7162,64,43,test
7163,64,44,test
7164,64,45,train
7165,64,46,test
7166,64,47,test
7167,64,48,test
7168,64,49,train
7169,64,50,train
7170,64,51,test
7171,64,52,test
7172,64,53,test
7173,64,54,test
7174,64,55,train
7175,64,56,train
7176,64,57,train
7177,64,58,test
7178,64,59,test
7179,64,60,test
7180,64,61,test
7181,64,62,test
7182,64,63,test
7183,64,64,test
7184,64,65,train
7185,64,66,test
7186,64,67,train
7187,64,68,test
7188,64,69,test
7189,64,70,test
7190,64,71,test
7191,64,72,test
7192,64,73,train
7193,64,74,test
7194,64,75,train
7195,64,76,test
7196,64,77,test
7197,64,78,test
7198,64,79,train
7199,64,80,test
7200,64,81,train
7201,64,82,test
7202,64,83,test
7203,64,84,train
7204,64,85,test
7205,64,86,test
7206,64,87,test
7207,64,88,test
7208,64,89,train
7209,64,90,train
7210,64,91,test
7211,64,92,test
7212,64,93,test
7213,64,94,test
7214,64,95,train
7215,64,96,train
7216,64,97,test
7217,64,98,test
7218,64,99,test
7219,64,100,test
7220,64,101,test
7221,64,102,test
7222,64,103,test
7223,64,104,test
7224,64,105,train
7225,64,106,test
7226,64,107,train
7227,64,108,test
7228,64,109,train
7229,64,110,train
7230,64,111,test
7231,64,112,test
7232,65,0,test
7233,65,1,test
7234,65,2,train
7235,65,3,train
7236,65,4,test
7237,65,5,test
7238,65,6,test
7239,65,7,test
7240,65,8,test
7241,65,9,test
7242,65,10,test
7243,65,11,train
7244,65,12,test
7245,65,13,test
7246,65,14,train
7247,65,15,test
7248,65,16,test
7249,65,17,train
7250,65,18,train
7251,65,19,test
7252,65,20,train
7253,65,21,test
7254,65,22,test
7255,65,23,test
7256,65,24,train
7257,65,25,test
7258,65,26,train
7259,65,27,test
7260,65,28,test
7261,65,29,test
7262,65,30,test
7263,65,31,test
7264,65,32,test
7265,65,33,test
7266,65,34,test
7267,65,35,test
7268,65,36,test
7269,65,37,test
7270,65,38,train
7271,65,39,test
7272,65,40,test
7273,65,41,test
7274,65,42,train
7275,65,43,train
7276,65,44,test
7277,65,45,test
7278,65,46,train
7279,65,47,test
7280,65,48,train
7281,65,49,train
7282,65,50,test
7283,65,51,test
7284,65,52,test
7285,65,53,test
7286,65,54,test
7287,65,55,train
7288,65,56,test
7289,65,57,train
7290,65,58,test
7291,65,59,test
7292,65,60,test
7293,65,61,test
7294,65,62,train
7295,65,63,train
7296,65,64,train
7297,65,65,test
7298,65,66,test
7299,65,67,test
7300,65,68,train
7301,65,69,test
7302,65,70,test
7303,65,71,test
7304,65,72,train
7305,65,73,test
7306,65,74,train
7307,65,75,test
7308,65,76,test
7309,65,77,test
7310,65,78,test
7311,65,79,test
7312,65,80,train
7313,65,81,train
7314,65,82,test
7315,65,83,train
7316,65,84,test
7317,65,85,test
7318,65,86,test
7319,65,87,test
7320,65,88,test
7321,65,89,train
7322,65,90,test
7323,65,91,test
7324,65,92,test
7325,65,93,test
7326,65,94,test
7327,65,95,train
7328,65,96,test
7329,65,97,test
7330,65,98,test
7331,65,99,train
7332,65,100,test
7333,65,101,train
7334,65,102,test
7335,65,103,train
7336,65,104,test
7337,65,105,train
7338,65,106,train
7339,65,107,train
7340,65,108,train
7341,65,109,test
7342,65,110,test
7343,65,111,test
7344,65,112,test
7345,66,0,test
7346,66,1,test
7347,66,2,train
7348,66,3,test
7349,66,4,test
7350,66,5,test
7351,66,6,train
7352,66,7,test
7353,66,8,test
7354,66,9,test
7355,66,10,test
7356,66,11,train
7357,66,12,test
7358,66,13,test
7359,66,14,test
7360,66,15,train
7361,66,16,test
7362,66,17,test
7363,66,18,train
7364,66,19,train
7365,66,20,test
7366,66,21,test
7367,66,22,train
7368,66,23,test
7369,66,24,test
7370,66,25,test
7371,66,26,test
7372,66,27,test
7373,66,28,test
7374,66,29,test
7375,66,30,train
7376,66,31,train
7377,66,32,test
7378,66,33,test
7379,66,34,test
7380,66,35,test
7381,66,36,test
7382,66,37,test
7383,66,38,train
7384,66,39,test
7385,66,40,test
7386,66,41,test
7387,66,42,train
7388,66,43,test
7389,66,44,test
7390,66,45,train
7391,66,46,test
7392,66,47,train
7393,66,48,test
7394,66,49,test
7395,66,50,test
7396,66,51,train
7397,66,52,test
7398,66,53,test
7399,66,54,test
7400,66,55,test
7401,66,56,test
7402,66,57,test
7403,66,58,test
7404,66,59,test
7405,66,60,test
7406,66,61,test
7407,66,62,test
7408,66,63,test
7409,66,64,test
7410,66,65,train
7411,66,66,test
7412,66,67,test
7413,66,68,test
7414,66,69,test
7415,66,70,train
7416,66,71,test
7417,66,72,test
7418,66,73,test
7419,66,74,train
7420,66,75,train
7421,66,76,train
7422,66,77,test
7423,66,78,train
7424,66,79,test
7425,66,80,test
7426,66,81,train
7427,66,82,test
7428,66,83,test
7429,66,84,test
7430,66,85,test
7431,66,86,test
7432,66,87,test
7433,66,88,test
7434,66,89,test
7435,66,90,train
7436,66,91,test
7437,66,92,test
7438,66,93,test
7439,66,94,train
7440,66,95,test
7441,66,96,test
7442,66,97,train
7443,66,98,train
7444,66,99,test
7445,66,100,test
7446,66,101,train
7447,66,102,test
7448,66,103,train
7449,66,104,test
7450,66,105,test
7451,66,106,test
7452,66,107,test
7453,66,108,train
7454,66,109,test
7455,66,110,test
7456,66,111,test
7457,66,112,test
7458,67,0,test
7459,67,1,train
7460,67,2,test
7461,67,3,test
7462,67,4,test
7463,67,5,train
7464,67,6,train
7465,67,7,test
7466,67,8,test
7467,67,9,train
7468,67,10,test
7469,67,11,test
7470,67,12,train
7471,67,13,test
7472,67,14,train
7473,67,15,test
7474,67,16,test
7475,67,17,test
7476,67,18,train
7477,67,19,test
7478,67,20,test
7479,67,21,test
7480,67,22,test
7481,67,23,train
7482,67,24,train
7483,67,25,test
7484,67,26,test
7485,67,27,test
7486,67,28,test
7487,67,29,test
7488,67,30,test
7489,67,31,test
7490,67,32,test
7491,67,33,test
7492,67,34,test
7493,67,35,train
7494,67,36,test
7495,67,37,test
7496,67,38,test
7497,67,39,train
7498,67,40,test
7499,67,41,test
7500,67,42,test
7501,67,43,test
7502,67,44,test
7503,67,45,test
7504,67,46,test
7505,67,47,train
7506,67,48,test
7507,67,49,train
7508,67,50,test
7509,67,51,train
7510,67,52,train
7511,67,53,test
7512,67,54,train
7513,67,55,test
7514,67,56,train
7515,67,57,train
7516,67,58,train
7517,67,59,test
7518,67,60,test
7519,67,61,test
7520,67,62,test
7521,67,63,test
7522,67,64,test
7523,67,65,train
7524,67,66,test
7525,67,67,test
7526,67,68,train
7527,67,69,test
7528,67,70,train
7529,67,71,test
7530,67,72,train
7531,67,73,test
7532,67,74,test
7533,67,75,train
7534,67,76,test
7535,67,77,test
7536,67,78,train
7537,67,79,test
7538,67,80,test
7539,67,81,test
7540,67,82,test
7541,67,83,test
7542,67,84,train
7543,67,85,train
7544,67,86,test
7545,67,87,test
7546,67,88,test
7547,67,89,train
7548,67,90,test
7549,67,91,train
7550,67,92,test
7551,67,93,test
7552,67,94,test
7553,67,95,train
7554,67,96,test
7555,67,97,test
7556,67,98,train
7557,67,99,test
7558,67,100,train
7559,67,101,test
7560,67,102,test
7561,67,103,train
7562,67,104,test
7563,67,105,test
7564,67,106,test
7565,67,107,test
7566,67,108,train
7567,67,109,test
7568,67,110,test
7569,67,111,test
7570,67,112,test
7571,68,0,test
7572,68,1,test
7573,68,2,test
7574,68,3,test
7575,68,4,test
7576,68,5,test
7577,68,6,test
7578,68,7,train
7579,68,8,test
7580,68,9,test
7581,68,10,test
7582,68,11,test
7583,68,12,train
7584,68,13,test
7585,68,14,test
7586,68,15,test
7587,68,16,train
7588,68,17,train
7589,68,18,test
7590,68,19,test
7591,68,20,test
7592,68,21,test
7593,68,22,test
7594,68,23,train
7595,68,24,test
7596,68,25,test
7597,68,26,train
7598,68,27,test
7599,68,28,train
7600,68,29,test
7601,68,30,test
7602,68,31,test
7603,68,32,test
7604,68,33,train
7605,68,34,test
7606,68,35,test
7607,68,36,test
7608,68,37,train
7609,68,38,test
7610,68,39,train
7611,68,40,test
7612,68,41,test
7613,68,42,test
7614,68,43,test
7615,68,44,train
7616,68,45,test
7617,68,46,test
7618,68,47,test
7619,68,48,test
7620,68,49,test
7621,68,50,test
7622,68,51,test
7623,68,52,test
7624,68,53,train
7625,68,54,test
7626,68,55,train
7627,68,56,train
7628,68,57,train
7629,68,58,train
7630,68,59,test
7631,68,60,train
7632,68,61,test
7633,68,62,test
7634,68,63,train
7635,68,64,test
7636,68,65,train
7637,68,66,test
7638,68,67,test
7639,68,68,test
7640,68,69,train
7641,68,70,train
7642,68,71,test
7643,68,72,test
7644,68,73,test
7645,68,74,train
7646,68,75,test
7647,68,76,train
7648,68,77,test
7649,68,78,test
7650,68,79,train
7651,68,80,test
7652,68,81,test
7653,68,82,test
7654,68,83,train
7655,68,84,train
7656,68,85,train
7657,68,86,test
7658,68,87,train
7659,68,88,train
7660,68,89,test
7661,68,90,test
7662,68,91,test
7663,68,92,test
7664,68,93,train
7665,68,94,train
7666,68,95,test
7667,68,96,train
7668,68,97,test
7669,68,98,test
7670,68,99,train
7671,68,100,train
7672,68,101,train
7673,68,102,test
7674,68,103,train
7675,68,104,train
7676,68,105,test
7677,68,106,train
7678,68,107,train
7679,68,108,test
7680,68,109,test
7681,68,110,train
7682,68,111,test
7683,68,112,test
7684,69,0,test
7685,69,1,test
7686,69,2,train
7687,69,3,test
7688,69,4,test
7689,69,5,train
7690,69,6,test
7691,69,7,train
7692,69,8,test
7693,69,9,test
7694,69,10,test
7695,69,11,test
7696,69,12,test
7697,69,13,test
7698,69,14,test
7699,69,15,test
7700,69,16,test
7701,69,17,train
7702,69,18,test
7703,69,19,train
7704,69,20,test
7705,69,21,test
7706,69,22,test
7707,69,23,test
7708,69,24,test
7709,69,25,test
7710,69,26,test
7711,69,27,test
7712,69,28,test
7713,69,29,test
7714,69,30,test
7715,69,31,test
7716,69,32,train
7717,69,33,test
7718,69,34,train
7719,69,35,train
7720,69,36,train
7721,69,37,train
7722,69,38,test
7723,69,39,train
7724,69,40,test
7725,69,41,test
7726,69,42,test
7727,69,43,train
7728,69,44,test
7729,69,45,test
7730,69,46,test
7731,69,47,train
7732,69,48,train
7733,69,49,test
7734,69,50,test
7735,69,51,test
7736,69,52,test
7737,69,53,test
7738,69,54,train
7739,69,55,test
7740,69,56,test
7741,69,57,test
7742,69,58,train
7743,69,59,train
7744,69,60,test
7745,69,61,train
7746,69,62,train
7747,69,63,test
7748,69,64,test
7749,69,65,test
7750,69,66,test
7751,69,67,test
7752,69,68,test
7753,69,69,test
7754,69,70,train
7755,69,71,test
7756,69,72,test
7757,69,73,train
7758,69,74,test
7759,69,75,test
7760,69,76,test
7761,69,77,test
7762,69,78,train
7763,69,79,train
7764,69,80,test
7765,69,81,train
7766,69,82,test
7767,69,83,test
7768,69,84,train
7769,69,85,train
7770,69,86,test
7771,69,87,train
7772,69,88,test
7773,69,89,test
7774,69,90,test
7775,69,91,test
7776,69,92,test
7777,69,93,test
7778,69,94,train
7779,69,95,test
7780,69,96,test
7781,69,97,test
7782,69,98,train
7783,69,99,test
7784,69,100,test
7785,69,101,test
7786,69,102,train
7787,69,103,test
7788,69,104,test
7789,69,105,train
7790,69,106,test
7791,69,107,train
7792,69,108,test
7793,69,109,test
7794,69,110,test
7795,69,111,test
7796,69,112,train
7797,70,0,train
7798,70,1,test
7799,70,2,train
7800,70,3,test
7801,70,4,test
7802,70,5,test
7803,70,6,test
7804,70,7,train
7805,70,8,train
7806,70,9,test
7807,70,10,test
7808,70,11,test
7809,70,12,train
7810,70,13,train
7811,70,14,test
7812,70,15,test
7813,70,16,test
7814,70,17,test
7815,70,18,train
7816,70,19,train
7817,70,20,test
7818,70,21,train
7819,70,22,test
7820,70,23,test
7821,70,24,test
7822,70,25,test
7823,70,26,test
7824,70,27,test
7825,70,28,train
7826,70,29,test
7827,70,30,test
7828,70,31,test
7829,70,32,train
7830,70,33,test
7831,70,34,test
7832,70,35,test
7833,70,36,test
7834,70,37,test
7835,70,38,test
7836,70,39,test
7837,70,40,test
7838,70,41,test
7839,70,42,test
7840,70,43,test
7841,70,44,test
7842,70,45,test
7843,70,46,test
7844,70,47,train
7845,70,48,train
7846,70,49,test
7847,70,50,test
7848,70,51,test
7849,70,52,test
7850,70,53,test
7851,70,54,test
7852,70,55,train
7853,70,56,train
7854,70,57,test
7855,70,58,test
7856,70,59,train
7857,70,60,test
7858,70,61,train
7859,70,62,test
7860,70,63,test
7861,70,64,test
7862,70,65,train
7863,70,66,train
7864,70,67,test
7865,70,68,test
7866,70,69,train
7867,70,70,train
7868,70,71,test
7869,70,72,test
7870,70,73,test
7871,70,74,test
7872,70,75,test
7873,70,76,test
7874,70,77,test
7875,70,78,test
7876,70,79,test
7877,70,80,train
7878,70,81,train
7879,70,82,test
7880,70,83,test
7881,70,84,test
7882,70,85,train
7883,70,86,test
7884,70,87,test
7885,70,88,train
7886,70,89,test
7887,70,90,test
7888,70,91,test
7889,70,92,test
7890,70,93,train
7891,70,94,test
7892,70,95,test
7893,70,96,test
7894,70,97,test
7895,70,98,test
7896,70,99,test
7897,70,100,train
7898,70,101,test
7899,70,102,test
7900,70,103,test
7901,70,104,train
7902,70,105,test
7903,70,106,train
7904,70,107,test
7905,70,108,test
7906,70,109,test
7907,70,110,test
7908,70,111,test
7909,70,112,test
7910,71,0,test
7911,71,1,test
7912,71,2,test
7913,71,3,train
7914,71,4,test
7915,71,5,test
7916,71,6,test
7917,71,7,test
7918,71,8,test
7919,71,9,train
7920,71,10,test
7921,71,11,test
7922,71,12,train
7923,71,13,test
7924,71,14,train
7925,71,15,test
7926,71,16,test
7927,71,17,test
7928,71,18,train
7929,71,19,train
7930,71,20,test
7931,71,21,train
7932,71,22,test
7933,71,23,test
7934,71,24,train
7935,71,25,test
7936,71,26,test
7937,71,27,test
7938,71,28,test
7939,71,29,test
7940,71,30,test
7941,71,31,test
7942,71,32,test
7943,71,33,test
7944,71,34,test
7945,71,35,train
7946,71,36,train
7947,71,37,test
7948,71,38,train
7949,71,39,test
7950,71,40,test
7951,71,41,test
7952,71,42,test
7953,71,43,test
7954,71,44,train
7955,71,45,test
7956,71,46,test
7957,71,47,test
7958,71,48,train
7959,71,49,test
7960,71,50,test
7961,71,51,test
7962,71,52,test
7963,71,53,test
7964,71,54,test
7965,71,55,test
7966,71,56,test
7967,71,57,test
7968,71,58,train
7969,71,59,train
7970,71,60,train
7971,71,61,train
7972,71,62,test
7973,71,63,test
7974,71,64,train
7975,71,65,test
7976,71,66,test
7977,71,67,train
7978,71,68,test
7979,71,69,train
7980,71,70,test
7981,71,71,test
7982,71,72,test
7983,71,73,test
7984,71,74,train
7985,71,75,train
7986,71,76,test
7987,71,77,test
7988,71,78,test
7989,71,79,train
7990,71,80,test
7991,71,81,test
7992,71,82,test
7993,71,83,test
7994,71,84,test
7995,71,85,train
7996,71,86,test
7997,71,87,test
7998,71,88,test
7999,71,89,test
8000,71,90,test
8001,71,91,test
8002,71,92,train
8003,71,93,test
8004,71,94,test
8005,71,95,test
8006,71,96,test
8007,71,97,test
8008,71,98,test
8009,71,99,test
8010,71,100,train
8011,71,101,test
8012,71,102,train
8013,71,103,test
8014,71,104,train
8015,71,105,test
8016,71,106,train
8017,71,107,test
8018,71,108,train
8019,71,109,test
8020,71,110,train
8021,71,111,test
8022,71,112,test
8023,72,0,test
8024,72,1,test
8025,72,2,test
8026,72,3,test
8027,72,4,test
8028,72,5,train
8029,72,6,test
8030,72,7,train
8031,72,8,test
8032,72,9,test
8033,72,10,train
8034,72,11,train
8035,72,12,test
8036,72,13,train
8037,72,14,test
8038,72,15,test
8039,72,16,test
8040,72,17,test
8041,72,18,test
8042,72,19,test
8043,72,20,test
8044,72,21,test
8045,72,22,train
8046,72,23,train
8047,72,24,test
8048,72,25,test
8049,72,26,test
8050,72,27,test
8051,72,28,test
8052,72,29,test
8053,72,30,test
8054,72,31,test
8055,72,32,test
8056,72,33,test
8057,72,34,train
8058,72,35,test
8059,72,36,test
8060,72,37,train
8061,72,38,test
8062,72,39,test
8063,72,40,train
8064,72,41,test
8065,72,42,train
8066,72,43,test
8067,72,44,test
8068,72,45,test
8069,72,46,train
8070,72,47,test
8071,72,48,test
8072,72,49,test
8073,72,50,test
8074,72,51,train
8075,72,52,test
8076,72,53,train
8077,72,54,test
8078,72,55,test
8079,72,56,test
8080,72,57,train
8081,72,58,train
8082,72,59,test
8083,72,60,test
8084,72,61,train
8085,72,62,test
8086,72,63,test
8087,72,64,train
8088,72,65,test
8089,72,66,train
8090,72,67,test
8091,72,68,train
8092,72,69,test
8093,72,70,test
8094,72,71,test
8095,72,72,test
8096,72,73,train
8097,72,74,train
8098,72,75,test
8099,72,76,test
8100,72,77,test
8101,72,78,test
8102,72,79,test
8103,72,80,test
8104,72,81,train
8105,72,82,test
8106,72,83,train
8107,72,84,train
8108,72,85,test
8109,72,86,test
8110,72,87,train
8111,72,88,train
8112,72,89,train
8113,72,90,train
8114,72,91,train
8115,72,92,test
8116,72,93,test
8117,72,94,test
8118,72,95,test
8119,72,96,test
8120,72,97,test
8121,72,98,test
8122,72,99,test
8123,72,100,test
8124,72,101,test
8125,72,102,test
8126,72,103,train
8127,72,104,test
8128,72,105,test
8129,72,106,test
8130,72,107,test
8131,72,108,train
8132,72,109,test
8133,72,110,test
8134,72,111,train
8135,72,112,train
8136,73,0,test
8137,73,1,train
8138,73,2,test
8139,73,3,test
8140,73,4,test
8141,73,5,train
8142,73,6,train
8143,73,7,test
8144,73,8,test
8145,73,9,train
8146,73,10,train
8147,73,11,test
8148,73,12,test
8149,73,13,test
8150,73,14,test
8151,73,15,test
8152,73,16,test
8153,73,17,test
8154,73,18,test
8155,73,19,test
8156,73,20,train
8157,73,21,train
8158,73,22,test
8159,73,23,test
8160,73,24,train
8161,73,25,train
8162,73,26,train
8163,73,27,test
8164,73,28,train
8165,73,29,test
8166,73,30,test
8167,73,31,test
8168,73,32,train
8169,73,33,train
8170,73,34,train
8171,73,35,test
8172,73,36,train
8173,73,37,test
8174,73,38,test
8175,73,39,test
8176,73,40,test
8177,73,41,train
8178,73,42,test
8179,73,43,test
8180,73,44,test
8181,73,45,test
8182,73,46,test
8183,73,47,test
8184,73,48,train
8185,73,49,test
8186,73,50,train
8187,73,51,train
8188,73,52,test
8189,73,53,test
8190,73,54,train
8191,73,55,test
8192,73,56,train
8193,73,57,test
8194,73,58,test
8195,73,59,train
8196,73,60,test
8197,73,61,test
8198,73,62,test
8199,73,63,test
8200,73,64,train
8201,73,65,test
8202,73,66,train
8203,73,67,train
8204,73,68,test
8205,73,69,train
8206,73,70,test
8207,73,71,test
8208,73,72,test
8209,73,73,test
8210,73,74,test
8211,73,75,train
8212,73,76,train
8213,73,77,test
8214,73,78,test
8215,73,79,train
8216,73,80,train
8217,73,81,test
8218,73,82,test
8219,73,83,train
8220,73,84,train
8221,73,85,test
8222,73,86,test
8223,73,87,train
8224,73,88,test
8225,73,89,test
8226,73,90,test
8227,73,91,test
8228,73,92,test
8229,73,93,test
8230,73,94,test
8231,73,95,test
8232,73,96,train
8233,73,97,test
8234,73,98,test
8235,73,99,test
8236,73,100,train
8237,73,101,test
8238,73,102,test
8239,73,103,test
8240,73,104,test
8241,73,105,train
8242,73,106,test
8243,73,107,test
8244,73,108,test
8245,73,109,train
8246,73,110,test
8247,73,111,test
8248,73,112,train
8249,74,0,train
8250,74,1,test
8251,74,2,train
8252,74,3,train
8253,74,4,test
8254,74,5,test
8255,74,6,test
8256,74,7,train
8257,74,8,train
8258,74,9,test
8259,74,10,train
8260,74,11,test
8261,74,12,test
8262,74,13,test
8263,74,14,test
8264,74,15,test
8265,74,16,train
8266,74,17,test
8267,74,18,test
8268,74,19,train
8269,74,20,test
8270,74,21,test
8271,74,22,test
8272,74,23,test
8273,74,24,test
8274,74,25,test
8275,74,26,test
8276,74,27,test
8277,74,28,test
8278,74,29,train
8279,74,30,test
8280,74,31,test
8281,74,32,test
8282,74,33,test
8283,74,34,test
8284,74,35,train
8285,74,36,test
8286,74,37,train
8287,74,38,train
8288,74,39,test
8289,74,40,test
8290,74,41,test
8291,74,42,test
8292,74,43,train
8293,74,44,test
8294,74,45,test
8295,74,46,train
8296,74,47,train
8297,74,48,train
8298,74,49,test
8299,74,50,test
8300,74,51,test
8301,74,52,test
8302,74,53,test
8303,74,54,test
8304,74,55,test
8305,74,56,train
8306,74,57,train
8307,74,58,test
8308,74,59,test
8309,74,60,test
8310,74,61,train
8311,74,62,test
8312,74,63,test
8313,74,64,test
8314,74,65,test
8315,74,66,test
8316,74,67,test
8317,74,68,test
8318,74,69,test
8319,74,70,test
8320,74,71,test
8321,74,72,test
8322,74,73,train
8323,74,74,train
8324,74,75,train
8325,74,76,train
8326,74,77,test
8327,74,78,test
8328,74,79,test
8329,74,80,train
8330,74,81,train
8331,74,82,test
8332,74,83,train
8333,74,84,test
8334,74,85,train
8335,74,86,test
8336,74,87,test
8337,74,88,test
8338,74,89,train
8339,74,90,test
8340,74,91,test
8341,74,92,test
8342,74,93,test
8343,74,94,test
8344,74,95,test
8345,74,96,train
8346,74,97,test
8347,74,98,train
8348,74,99,test
8349,74,100,train
8350,74,101,test
8351,74,102,test
8352,74,103,train
8353,74,104,train
8354,74,105,train
8355,74,106,test
8356,74,107,test
8357,74,108,train
8358,74,109,test
8359,74,110,test
8360,74,111,test
8361,74,112,test
8362,75,0,test
8363,75,1,test
8364,75,2,train
8365,75,3,train
8366,75,4,test
8367,75,5,test
8368,75,6,test
8369,75,7,test
8370,75,8,train
8371,75,9,test
8372,75,10,test
8373,75,11,test
8374,75,12,train
8375,75,13,test
8376,75,14,test
8377,75,15,test
8378,75,16,train
8379,75,17,test
8380,75,18,test
8381,75,19,test
8382,75,20,test
8383,75,21,test
8384,75,22,test
8385,75,23,test
8386,75,24,train
8387,75,25,train
8388,75,26,test
8389,75,27,train
8390,75,28,test
8391,75,29,test
8392,75,30,train
8393,75,31,test
8394,75,32,test
8395,75,33,test
8396,75,34,train
8397,75,35,train
8398,75,36,train
8399,75,37,test
8400,75,38,test
8401,75,39,test
8402,75,40,train
8403,75,41,test
8404,75,42,train
8405,75,43,train
8406,75,44,test
8407,75,45,train
8408,75,46,test
8409,75,47,test
8410,75,48,test
8411,75,49,test
8412,75,50,test
8413,75,51,test
8414,75,52,test
8415,75,53,test
8416,75,54,train
8417,75,55,test
8418,75,56,test
8419,75,57,test
8420,75,58,train
8421,75,59,train
8422,75,60,train
8423,75,61,test
8424,75,62,test
8425,75,63,train
8426,75,64,test
8427,75,65,train
8428,75,66,test
8429,75,67,train
8430,75,68,test
8431,75,69,test
8432,75,70,test
8433,75,71,test
8434,75,72,test
8435,75,73,train
8436,75,74,test
8437,75,75,test
8438,75,76,test
8439,75,77,train
8440,75,78,train
8441,75,79,test
8442,75,80,test
8443,75,81,test
8444,75,82,test
8445,75,83,test
8446,75,84,test
8447,75,85,test
8448,75,86,test
8449,75,87,test
8450,75,88,test
8451,75,89,test
8452,75,90,test
8453,75,91,test
8454,75,92,test
8455,75,93,test
8456,75,94,test
8457,75,95,train
8458,75,96,test
8459,75,97,test
8460,75,98,test
8461,75,99,test
8462,75,100,test
8463,75,101,test
8464,75,102,test
8465,75,103,train
8466,75,104,train
8467,75,105,test
8468,75,106,train
8469,75,107,test
8470,75,108,train
8471,75,109,train
8472,75,110,train
8473,75,111,train
8474,75,112,test
8475,76,0,test
8476,76,1,test
8477,76,2,train
8478,76,3,train
8479,76,4,test
8480,76,5,train
8481,76,6,train
8482,76,7,test
8483,76,8,test
8484,76,9,test
8485,76,10,train
8486,76,11,test
8487,76,12,test
8488,76,13,test
8489,76,14,test
8490,76,15,test
8491,76,16,test
8492,76,17,train
8493,76,18,train
8494,76,19,test
8495,76,20,train
8496,76,21,train
8497,76,22,train
8498,76,23,test
8499,76,24,test
8500,76,25,train
8501,76,26,test
8502,76,27,test
8503,76,28,test
8504,76,29,train
8505,76,30,test
8506,76,31,test
8507,76,32,test
8508,76,33,test
8509,76,34,train
8510,76,35,test
8511,76,36,train
8512,76,37,train
8513,76,38,train
8514,76,39,test
8515,76,40,test
8516,76,41,test
8517,76,42,test
8518,76,43,test
8519,76,44,test
8520,76,45,test
8521,76,46,test
8522,76,47,train
8523,76,48,test
8524,76,49,train
8525,76,50,test
8526,76,51,train
8527,76,52,train
8528,76,53,train
8529,76,54,test
8530,76,55,train
8531,76,56,test
8532,76,57,train
8533,76,58,train
8534,76,59,test
8535,76,60,train
8536,76,61,test
8537,76,62,test
8538,76,63,train
8539,76,64,test
8540,76,65,test
8541,76,66,test
8542,76,67,test
8543,76,68,test
8544,76,69,test
8545,76,70,test
8546,76,71,test
8547,76,72,train
8548,76,73,test
8549,76,74,test
8550,76,75,test
8551,76,76,train
8552,76,77,test
8553,76,78,test
8554,76,79,test
8555,76,80,test
8556,76,81,train
8557,76,82,test
8558,76,83,train
8559,76,84,train
8560,76,85,test
8561,76,86,test
8562,76,87,test
8563,76,88,test
8564,76,89,test
8565,76,90,test
8566,76,91,train
8567,76,92,train
8568,76,93,test
8569,76,94,test
8570,76,95,test
8571,76,96,test
8572,76,97,train
8573,76,98,test
8574,76,99,train
8575,76,100,train
8576,76,101,test
8577,76,102,test
8578,76,103,train
8579,76,104,train
8580,76,105,train
8581,76,106,test
8582,76,107,test
8583,76,108,test
8584,76,109,test
8585,76,110,test
8586,76,111,test
8587,76,112,test
8588,77,0,train
8589,77,1,test
8590,77,2,test
8591,77,3,test
8592,77,4,test
8593,77,5,train
8594,77,6,train
8595,77,7,test
8596,77,8,test
8597,77,9,test
8598,77,10,test
8599,77,11,test
8600,77,12,train
8601,77,13,test
8602,77,14,test
8603,77,15,train
8604,77,16,train
8605,77,17,test
8606,77,18,test
8607,77,19,test
8608,77,20,test
8609,77,21,test
8610,77,22,test
8611,77,23,test
8612,77,24,test
8613,77,25,test
8614,77,26,test
8615,77,27,train
8616,77,28,train
8617,77,29,test
8618,77,30,test
8619,77,31,test
8620,77,32,train
8621,77,33,train
8622,77,34,test
8623,77,35,test
8624,77,36,test
8625,77,37,test
8626,77,38,test
8627,77,39,test
8628,77,40,test
8629,77,41,train
8630,77,42,test
8631,77,43,train
8632,77,44,train
8633,77,45,test
8634,77,46,test
8635,77,47,test
8636,77,48,test
8637,77,49,test
8638,77,50,test
8639,77,51,test
8640,77,52,train
8641,77,53,test
8642,77,54,test
8643,77,55,test
8644,77,56,test
8645,77,57,test
8646,77,58,test
8647,77,59,test
8648,77,60,test
8649,77,61,test
8650,77,62,train
8651,77,63,train
8652,77,64,train
8653,77,65,test
8654,77,66,test
8655,77,67,test
8656,77,68,train
8657,77,69,test
8658,77,70,test
8659,77,71,train
8660,77,72,train
8661,77,73,test
8662,77,74,train
8663,77,75,test
8664,77,76,test
8665,77,77,train
8666,77,78,test
8667,77,79,train
8668,77,80,test
8669,77,81,test
8670,77,82,test
8671,77,83,test
8672,77,84,train
8673,77,85,test
8674,77,86,test
8675,77,87,test
8676,77,88,train
8677,77,89,test
8678,77,90,test
8679,77,91,test
8680,77,92,test
8681,77,93,test
8682,77,94,test
8683,77,95,test
8684,77,96,train
8685,77,97,train
8686,77,98,test
8687,77,99,test
8688,77,100,test
8689,77,101,test
8690,77,102,test
8691,77,103,test
8692,77,104,test
8693,77,105,test
8694,77,106,test
8695,77,107,train
8696,77,108,test
8697,77,109,test
8698,77,110,test
8699,77,111,train
8700,77,112,test
8701,78,0,test
8702,78,1,test
8703,78,2,train
8704,78,3,test
8705,78,4,train
8706,78,5,test
8707,78,6,train
8708,78,7,test
8709,78,8,test
8710,78,9,train
8711,78,10,test
8712,78,11,train
8713,78,12,test
8714,78,13,train
8715,78,14,test
8716,78,15,train
8717,78,16,train
8718,78,17,test
8719,78,18,test
8720,78,19,test
8721,78,20,test
8722,78,21,test
8723,78,22,train
8724,78,23,train
8725,78,24,test
8726,78,25,test
8727,78,26,test
8728,78,27,test
8729,78,28,train
8730,78,29,train
8731,78,30,train
8732,78,31,train
8733,78,32,test
8734,78,33,test
8735,78,34,train
8736,78,35,train
8737,78,36,test
8738,78,37,train
8739,78,38,test
8740,78,39,test
8741,78,40,train
8742,78,41,test
8743,78,42,test
8744,78,43,train
8745,78,44,test
8746,78,45,train
8747,78,46,test
8748,78,47,test
8749,78,48,test
8750,78,49,test
8751,78,50,test
8752,78,51,test
8753,78,52,train
8754,78,53,test
8755,78,54,test
8756,78,55,test
8757,78,56,test
8758,78,57,train
8759,78,58,test
8760,78,59,train
8761,78,60,test
8762,78,61,test
8763,78,62,test
8764,78,63,test
8765,78,64,train
8766,78,65,train
8767,78,66,test
8768,78,67,train
8769,78,68,train
8770,78,69,test
8771,78,70,train
8772,78,71,test
8773,78,72,test
8774,78,73,test
8775,78,74,test
8776,78,75,test
8777,78,76,test
8778,78,77,train
8779,78,78,test
8780,78,79,test
8781,78,80,train
8782,78,81,test
8783,78,82,test
8784,78,83,test
8785,78,84,test
8786,78,85,test
8787,78,86,test
8788,78,87,test
8789,78,88,train
8790,78,89,test
8791,78,90,test
8792,78,91,test
8793,78,92,test
8794,78,93,train
8795,78,94,test
8796,78,95,test
8797,78,96,test
8798,78,97,test
8799,78,98,test
8800,78,99,test
8801,78,100,train
8802,78,101,test
8803,78,102,train
8804,78,103,test
8805,78,104,train
8806,78,105,test
8807,78,106,test
8808,78,107,test
8809,78,108,train
8810,78,109,train
8811,78,110,test
8812,78,111,train
8813,78,112,test
8814,79,0,train
8815,79,1,test
8816,79,2,train
8817,79,3,test
8818,79,4,test
8819,79,5,test
8820,79,6,test
8821,79,7,test
8822,79,8,test
8823,79,9,test
8824,79,10,test
8825,79,11,test
8826,79,12,test
8827,79,13,test
8828,79,14,test
8829,79,15,test
8830,79,16,test
8831,79,17,train
8832,79,18,test
8833,79,19,test
8834,79,20,test
8835,79,21,test
8836,79,22,test
8837,79,23,test
8838,79,24,train
8839,79,25,test
8840,79,26,test
8841,79,27,train
8842,79,28,test
8843,79,29,test
8844,79,30,train
8845,79,31,train
8846,79,32,test
8847,79,33,test
8848,79,34,train
8849,79,35,test
8850,79,36,test
8851,79,37,train
8852,79,38,test
8853,79,39,train
8854,79,40,train
8855,79,41,train
8856,79,42,test
8857,79,43,test
8858,79,44,test
8859,79,45,train
8860,79,46,train
8861,79,47,train
8862,79,48,test
8863,79,49,test
8864,79,50,test
8865,79,51,train
8866,79,52,test
8867,79,53,test
8868,79,54,test
8869,79,55,test
8870,79,56,train
8871,79,57,test
8872,79,58,test
8873,79,59,test
8874,79,60,train
8875,79,61,test
8876,79,62,train
8877,79,63,train
8878,79,64,test
8879,79,65,train
8880,79,66,test
8881,79,67,test
8882,79,68,test
8883,79,69,test
8884,79,70,train
8885,79,71,train
8886,79,72,train
8887,79,73,test
8888,79,74,test
8889,79,75,test
8890,79,76,test
8891,79,77,test
8892,79,78,test
8893,79,79,test
8894,79,80,test
8895,79,81,test
8896,79,82,train
8897,79,83,test
8898,79,84,test
8899,79,85,test
8900,79,86,test
8901,79,87,test
8902,79,88,test
8903,79,89,test
8904,79,90,test
8905,79,91,train
8906,79,92,train
8907,79,93,test
8908,79,94,train
8909,79,95,train
8910,79,96,train
8911,79,97,train
8912,79,98,train
8913,79,99,train
8914,79,100,test
8915,79,101,test
8916,79,102,test
8917,79,103,test
8918,79,104,test
8919,79,105,test
8920,79,106,test
8921,79,107,test
8922,79,108,test
8923,79,109,train
8924,79,110,test
8925,79,111,test
8926,79,112,train
8927,80,0,test
8928,80,1,test
8929,80,2,train
8930,80,3,test
8931,80,4,test
8932,80,5,test
8933,80,6,train
8934,80,7,train
8935,80,8,test
8936,80,9,train
8937,80,10,test
8938,80,11,test
8939,80,12,test
8940,80,13,train
8941,80,14,test
8942,80,15,test
8943,80,16,train
8944,80,17,train
8945,80,18,test
8946,80,19,test
8947,80,20,test
8948,80,21,train
8949,80,22,test
8950,80,23,test
8951,80,24,test
8952,80,25,test
8953,80,26,test
8954,80,27,test
8955,80,28,test
8956,80,29,test
8957,80,30,test
8958,80,31,train
8959,80,32,train
8960,80,33,train
8961,80,34,train
8962,80,35,test
8963,80,36,train
8964,80,37,test
8965,80,38,train
8966,80,39,test
8967,80,40,test
8968,80,41,train
8969,80,42,test
8970,80,43,test
8971,80,44,train
8972,80,45,test
8973,80,46,test
8974,80,47,test
8975,80,48,test
8976,80,49,test
8977,80,50,test
8978,80,51,train
8979,80,52,train
8980,80,53,train
8981,80,54,test
8982,80,55,train
8983,80,56,test
8984,80,57,test
8985,80,58,test
8986,80,59,train
8987,80,60,test
8988,80,61,test
8989,80,62,test
8990,80,63,train
8991,80,64,test
8992,80,65,test
8993,80,66,train
8994,80,67,train
8995,80,68,test
8996,80,69,test
8997,80,70,train
8998,80,71,test
8999,80,72,train
9000,80,73,test
9001,80,74,test
9002,80,75,train
9003,80,76,train
9004,80,77,test
9005,80,78,test
9006,80,79,test
9007,80,80,test
9008,80,81,test
9009,80,82,test
9010,80,83,train
9011,80,84,test
9012,80,85,test
9013,80,86,test
9014,80,87,test
9015,80,88,train
9016,80,89,test
9017,80,90,test
9018,80,91,train
9019,80,92,train
9020,80,93,test
9021,80,94,test
9022,80,95,train
9023,80,96,train
9024,80,97,test
9025,80,98,train
9026,80,99,train
9027,80,100,test
9028,80,101,train
9029,80,102,test
9030,80,103,test
9031,80,104,test
9032,80,105,test
9033,80,106,test
9034,80,107,train
9035,80,108,test
9036,80,109,test
9037,80,110,train
9038,80,111,test
9039,80,112,train
9040,81,0,train
9041,81,1,train
9042,81,2,test
9043,81,3,test
9044,81,4,test
9045,81,5,test
9046,81,6,test
9047,81,7,train
9048,81,8,test
9049,81,9,test
9050,81,10,train
9051,81,11,train
9052,81,12,test
9053,81,13,test
9054,81,14,train
9055,81,15,test
9056,81,16,train
9057,81,17,test
9058,81,18,test
9059,81,19,test
9060,81,20,test
9061,81,21,test
9062,81,22,test
9063,81,23,test
9064,81,24,test
9065,81,25,test
9066,81,26,test
9067,81,27,train
9068,81,28,test
9069,81,29,test
9070,81,30,test
9071,81,31,test
9072,81,32,test
9073,81,33,test
9074,81,34,train
9075,81,35,test
9076,81,36,train
9077,81,37,test
9078,81,38,test
9079,81,39,test
9080,81,40,test
9081,81,41,test
9082,81,42,train
9083,81,43,test
9084,81,44,train
9085,81,45,test
9086,81,46,test
9087,81,47,test
9088,81,48,test
9089,81,49,test
9090,81,50,test
9091,81,51,test
9092,81,52,test
9093,81,53,test
9094,81,54,test
9095,81,55,test
9096,81,56,test
9097,81,57,train
9098,81,58,train
9099,81,59,test
9100,81,60,test
9101,81,61,test
9102,81,62,test
9103,81,63,train
9104,81,64,train
9105,81,65,test
9106,81,66,test
9107,81,67,test
9108,81,68,train
9109,81,69,test
9110,81,70,test
9111,81,71,test
9112,81,72,train
9113,81,73,test
9114,81,74,test
9115,81,75,test
9116,81,76,test
9117,81,77,test
9118,81,78,test
9119,81,79,train
9120,81,80,test
9121,81,81,test
9122,81,82,test
9123,81,83,train
9124,81,84,test
9125,81,85,test
9126,81,86,train
9127,81,87,test
9128,81,88,train
9129,81,89,test
9130,81,90,test
9131,81,91,test
9132,81,92,test
9133,81,93,train
9134,81,94,train
9135,81,95,test
9136,81,96,test
9137,81,97,test
9138,81,98,test
9139,81,99,test
9140,81,100,train
9141,81,101,test
9142,81,102,test
9143,81,103,test
9144,81,104,train
9145,81,105,test
9146,81,106,train
9147,81,107,train
9148,81,108,test
9149,81,109,test
9150,81,110,test
9151,81,111,train
9152,81,112,test
9153,82,0,test
9154,82,1,test
9155,82,2,test
9156,82,3,test
9157,82,4,test
9158,82,5,train
9159,82,6,test
9160,82,7,train
9161,82,8,test
9162,82,9,test
9163,82,10,test
9164,82,11,test
9165,82,12,train
9166,82,13,test
9167,82,14,test
9168,82,15,train
9169,82,16,test
9170,82,17,test
9171,82,18,test
9172,82,19,test
9173,82,20,test
9174,82,21,train
9175,82,22,test
9176,82,23,test
9177,82,24,test
9178,82,25,train
9179,82,26,test
9180,82,27,test
9181,82,28,test
9182,82,29,train
9183,82,30,test
9184,82,31,test
9185,82,32,train
9186,82,33,train
9187,82,34,train
9188,82,35,test
9189,82,36,test
9190,82,37,test
9191,82,38,train
9192,82,39,test
9193,82,40,test
9194,82,41,test
9195,82,42,test
9196,82,43,train
9197,82,44,test
9198,82,45,test
9199,82,46,train
9200,82,47,test
9201,82,48,test
9202,82,49,test
9203,82,50,train
9204,82,51,test
9205,82,52,test
9206,82,53,train
9207,82,54,train
9208,82,55,test
9209,82,56,test
9210,82,57,test
9211,82,58,train
9212,82,59,train
9213,82,60,test
9214,82,61,test
9215,82,62,train
9216,82,63,test
9217,82,64,test
9218,82,65,test
9219,82,66,train
9220,82,67,train
9221,82,68,test
9222,82,69,test
9223,82,70,test
9224,82,71,test
9225,82,72,test
9226,82,73,test
9227,82,74,test
9228,82,75,train
9229,82,76,train
9230,82,77,train
9231,82,78,test
9232,82,79,test
9233,82,80,train
9234,82,81,test
9235,82,82,test
9236,82,83,test
9237,82,84,train
9238,82,85,test
9239,82,86,test
9240,82,87,test
9241,82,88,test
9242,82,89,test
9243,82,90,test
9244,82,91,test
9245,82,92,test
9246,82,93,test
9247,82,94,train
9248,82,95,test
9249,82,96,test
9250,82,97,test
9251,82,98,train
9252,82,99,train
9253,82,100,train
9254,82,101,test
9255,82,102,train
9256,82,103,test
9257,82,104,test
9258,82,105,test
9259,82,106,test
9260,82,107,test
9261,82,108,train
9262,82,109,train
9263,82,110,test
9264,82,111,test
9265,82,112,test
9266,83,0,test
9267,83,1,test
9268,83,2,train
9269,83,3,train
9270,83,4,test
9271,83,5,train
9272,83,6,test
9273,83,7,test
9274,83,8,test
9275,83,9,test
9276,83,10,test
9277,83,11,train
9278,83,12,test
9279,83,13,train
9280,83,14,train
9281,83,15,train
9282,83,16,test
9283,83,17,test
9284,83,18,test
9285,83,19,test
9286,83,20,test
9287,83,21,train
9288,83,22,test
9289,83,23,train
9290,83,24,test
9291,83,25,train
9292,83,26,test
9293,83,27,test
9294,83,28,test
9295,83,29,test
9296,83,30,train
9297,83,31,train
9298,83,32,test
9299,83,33,test
9300,83,34,test
9301,83,35,test
9302,83,36,test
9303,83,37,test
9304,83,38,train
9305,83,39,test
9306,83,40,test
9307,83,41,train
9308,83,42,test
9309,83,43,test
9310,83,44,train
9311,83,45,test
9312,83,46,test
9313,83,47,train
9314,83,48,test
9315,83,49,test
9316,83,50,test
9317,83,51,test
9318,83,52,train
9319,83,53,test
9320,83,54,train
9321,83,55,train
9322,83,56,test
9323,83,57,train
9324,83,58,test
9325,83,59,test
9326,83,60,test
9327,83,61,test
9328,83,62,test
9329,83,63,train
9330,83,64,test
9331,83,65,test
9332,83,66,test
9333,83,67,test
9334,83,68,test
9335,83,69,test
9336,83,70,test
9337,83,71,test
9338,83,72,train
9339,83,73,train
9340,83,74,train
9341,83,75,train
9342,83,76,test
9343,83,77,test
9344,83,78,train
9345,83,79,test
9346,83,80,test
9347,83,81,test
9348,83,82,test
9349,83,83,test
9350,83,84,test
9351,83,85,test
9352,83,86,test
9353,83,87,train
9354,83,88,train
9355,83,89,test
9356,83,90,train
9357,83,91,test
9358,83,92,test
9359,83,93,train
9360,83,94,train
9361,83,95,train
9362,83,96,test
9363,83,97,train
9364,83,98,train
9365,83,99,test
9366,83,100,test
9367,83,101,test
9368,83,102,test
9369,83,103,train
9370,83,104,test
9371,83,105,train
9372,83,106,test
9373,83,107,test
9374,83,108,test
9375,83,109,train
9376,83,110,test
9377,83,111,train
9378,83,112,test
9379,84,0,test
9380,84,1,test
9381,84,2,train
9382,84,3,test
9383,84,4,test
9384,84,5,test
9385,84,6,train
9386,84,7,test
9387,84,8,train
9388,84,9,test
9389,84,10,test
9390,84,11,test
9391,84,12,test
9392,84,13,train
9393,84,14,train
9394,84,15,test
9395,84,16,test
9396,84,17,test
9397,84,18,test
9398,84,19,train
9399,84,20,train
9400,84,21,train
9401,84,22,train
9402,84,23,train
9403,84,24,test
9404,84,25,test
9405,84,26,test
9406,84,27,test
9407,84,28,test
9408,84,29,train
9409,84,30,train
9410,84,31,test
9411,84,32,test
9412,84,33,test
9413,84,34,test
9414,84,35,test
9415,84,36,test
9416,84,37,test
9417,84,38,test
9418,84,39,train
9419,84,40,test
9420,84,41,test
9421,84,42,test
9422,84,43,train
9423,84,44,test
9424,84,45,test
9425,84,46,test
9426,84,47,train
9427,84,48,test
9428,84,49,test
9429,84,50,test
9430,84,51,test
9431,84,52,test
9432,84,53,test
9433,84,54,test
9434,84,55,test
9435,84,56,test
9436,84,57,train
9437,84,58,test
9438,84,59,test
9439,84,60,test
9440,84,61,test
9441,84,62,test
9442,84,63,test
9443,84,64,train
9444,84,65,train
9445,84,66,test
9446,84,67,test
9447,84,68,train
9448,84,69,train
9449,84,70,test
9450,84,71,test
9451,84,72,test
9452,84,73,train
9453,84,74,test
9454,84,75,test
9455,84,76,test
9456,84,77,train
9457,84,78,train
9458,84,79,train
9459,84,80,test
9460,84,81,test
9461,84,82,test
9462,84,83,test
9463,84,84,test
9464,84,85,test
9465,84,86,train
9466,84,87,test
9467,84,88,test
9468,84,89,test
9469,84,90,train
9470,84,91,test
9471,84,92,test
9472,84,93,train
9473,84,94,test
9474,84,95,test
9475,84,96,test
9476,84,97,test
9477,84,98,test
9478,84,99,test
9479,84,100,train
9480,84,101,test
9481,84,102,test
9482,84,103,train
9483,84,104,test
9484,84,105,test
9485,84,106,test
9486,84,107,test
9487,84,108,test
9488,84,109,test
9489,84,110,test
9490,84,111,train
9491,84,112,test
9492,85,0,train
9493,85,1,test
9494,85,2,test
9495,85,3,test
9496,85,4,test
9497,85,5,train
9498,85,6,train
9499,85,7,train
9500,85,8,test
9501,85,9,test
9502,85,10,test
9503,85,11,train
9504,85,12,test
9505,85,13,test
9506,85,14,train
9507,85,15,test
9508,85,16,test
9509,85,17,test
9510,85,18,train
9511,85,19,test
9512,85,20,test
9513,85,21,test
9514,85,22,test
9515,85,23,test
9516,85,24,test
9517,85,25,train
9518,85,26,test
9519,85,27,test
9520,85,28,test
9521,85,29,test
9522,85,30,train
9523,85,31,test
9524,85,32,train
9525,85,33,test
9526,85,34,test
9527,85,35,train
9528,85,36,test
9529,85,37,test
9530,85,38,train
9531,85,39,train
9532,85,40,test
9533,85,41,test
9534,85,42,train
9535,85,43,test
9536,85,44,test
9537,85,45,test
9538,85,46,train
9539,85,47,train
9540,85,48,test
9541,85,49,test
9542,85,50,test
9543,85,51,test
9544,85,52,train
9545,85,53,train
9546,85,54,train
9547,85,55,test
9548,85,56,test
9549,85,57,test
9550,85,58,test
9551,85,59,test
9552,85,60,train
9553,85,61,test
9554,85,62,test
9555,85,63,train
9556,85,64,test
9557,85,65,test
9558,85,66,train
9559,85,67,test
9560,85,68,test
9561,85,69,test
9562,85,70,test
9563,85,71,test
9564,85,72,test
9565,85,73,test
9566,85,74,test
9567,85,75,test
9568,85,76,test
9569,85,77,test
9570,85,78,train
9571,85,79,test
9572,85,80,test
9573,85,81,train
9574,85,82,train
9575,85,83,test
9576,85,84,test
9577,85,85,test
9578,85,86,test
9579,85,87,test
9580,85,88,train
9581,85,89,test
9582,85,90,test
9583,85,91,test
9584,85,92,train
9585,85,93,test
9586,85,94,test
9587,85,95,train
9588,85,96,train
9589,85,97,test
9590,85,98,test
9591,85,99,test
9592,85,100,test
9593,85,101,train
9594,85,102,test
9595,85,103,test
9596,85,104,train
9597,85,105,train
9598,85,106,test
9599,85,107,test
9600,85,108,test
9601,85,109,train
9602,85,110,train
9603,85,111,train
9604,85,112,train
9605,86,0,test
9606,86,1,test
9607,86,2,test
9608,86,3,test
9609,86,4,test
9610,86,5,test
9611,86,6,test
9612,86,7,test
9613,86,8,test
9614,86,9,test
9615,86,10,test
9616,86,11,test
9617,86,12,test
9618,86,13,test
9619,86,14,test
9620,86,15,test
9621,86,16,train
9622,86,17,test
9623,86,18,train
9624,86,19,test
9625,86,20,test
9626,86,21,test
9627,86,22,train
9628,86,23,train
9629,86,24,train
9630,86,25,test
9631,86,26,train
9632,86,27,train
9633,86,28,train
9634,86,29,test
9635,86,30,train
9636,86,31,train
9637,86,32,train
9638,86,33,test
9639,86,34,train
9640,86,35,train
9641,86,36,test
9642,86,37,test
9643,86,38,train
9644,86,39,test
9645,86,40,test
9646,86,41,train
9647,86,42,test
9648,86,43,test
9649,86,44,train
9650,86,45,train
9651,86,46,train
9652,86,47,test
9653,86,48,test
9654,86,49,test
9655,86,50,test
9656,86,51,train
9657,86,52,test
9658,86,53,test
9659,86,54,test
9660,86,55,train
9661,86,56,train
9662,86,57,test
9663,86,58,test
9664,86,59,train
9665,86,60,test
9666,86,61,test
9667,86,62,train
9668,86,63,test
9669,86,64,test
9670,86,65,test
9671,86,66,test
9672,86,67,test
9673,86,68,train
9674,86,69,test
9675,86,70,test
9676,86,71,train
9677,86,72,test
9678,86,73,train
9679,86,74,test
9680,86,75,test
9681,86,76,test
9682,86,77,train
9683,86,78,test
9684,86,79,test
9685,86,80,test
9686,86,81,test
9687,86,82,train
9688,86,83,train
9689,86,84,test
9690,86,85,test
9691,86,86,test
9692,86,87,test
9693,86,88,test
9694,86,89,test
9695,86,90,train
9696,86,91,test
9697,86,92,test
9698,86,93,test
9699,86,94,test
9700,86,95,test
9701,86,96,test
9702,86,97,train
9703,86,98,train
9704,86,99,test
9705,86,100,test
9706,86,101,test
9707,86,102,test
9708,86,103,test
9709,86,104,test
9710,86,105,test
9711,86,106,train
9712,86,107,train
9713,86,108,train
9714,86,109,test
9715,86,110,test
9716,86,111,test
9717,86,112,test
9718,87,0,test
9719,87,1,train
9720,87,2,train
9721,87,3,test
9722,87,4,train
9723,87,5,test
9724,87,6,test
9725,87,7,train
9726,87,8,test
9727,87,9,test
9728,87,10,test
9729,87,11,test
9730,87,12,test
9731,87,13,test
9732,87,14,train
9733,87,15,test
9734,87,16,train
9735,87,17,test
9736,87,18,test
9737,87,19,train
9738,87,20,test
9739,87,21,train
9740,87,22,test
9741,87,23,train
9742,87,24,train
9743,87,25,train
9744,87,26,test
9745,87,27,test
9746,87,28,train
9747,87,29,train
9748,87,30,test
9749,87,31,test
9750,87,32,train
9751,87,33,test
9752,87,34,train
9753,87,35,test
9754,87,36,test
9755,87,37,test
9756,87,38,train
9757,87,39,train
9758,87,40,train
9759,87,41,test
9760,87,42,test
9761,87,43,test
9762,87,44,train
9763,87,45,test
9764,87,46,test
9765,87,47,train
9766,87,48,test
9767,87,49,test
9768,87,50,test
9769,87,51,test
9770,87,52,train
9771,87,53,test
9772,87,54,test
9773,87,55,test
9774,87,56,test
9775,87,57,train
9776,87,58,test
9777,87,59,test
9778,87,60,test
9779,87,61,test
9780,87,62,test
9781,87,63,test
9782,87,64,train
9783,87,65,test
9784,87,66,test
9785,87,67,test
9786,87,68,test
9787,87,69,test
9788,87,70,test
9789,87,71,test
9790,87,72,test
9791,87,73,test
9792,87,74,train
9793,87,75,test
9794,87,76,test
9795,87,77,test
9796,87,78,test
9797,87,79,train
9798,87,80,test
9799,87,81,test
9800,87,82,test
9801,87,83,train
9802,87,84,test
9803,87,85,train
9804,87,86,test
9805,87,87,test
9806,87,88,train
9807,87,89,train
9808,87,90,train
9809,87,91,test
9810,87,92,test
9811,87,93,train
9812,87,94,test
9813,87,95,test
9814,87,96,test
9815,87,97,test
9816,87,98,test
9817,87,99,test
9818,87,100,test
9819,87,101,test
9820,87,102,test
9821,87,103,test
9822,87,104,train
9823,87,105,test
9824,87,106,train
9825,87,107,train
9826,87,108,test
9827,87,109,train
9828,87,110,test
9829,87,111,train
9830,87,112,test
9831,88,0,train
9832,88,1,test
9833,88,2,test
9834,88,3,test
9835,88,4,train
9836,88,5,train
9837,88,6,test
9838,88,7,train
9839,88,8,test
9840,88,9,test
9841,88,10,train
9842,88,11,test
9843,88,12,test
9844,88,13,test
9845,88,14,test
9846,88,15,test
9847,88,16,test
9848,88,17,train
9849,88,18,train
9850,88,19,test
9851,88,20,test
9852,88,21,test
9853,88,22,train
9854,88,23,train
9855,88,24,test
9856,88,25,train
9857,88,26,test
9858,88,27,test
9859,88,28,test
9860,88,29,train
9861,88,30,test
9862,88,31,test
9863,88,32,test
9864,88,33,test
9865,88,34,test
9866,88,35,test
9867,88,36,test
9868,88,37,test
9869,88,38,test
9870,88,39,test
9871,88,40,test
9872,88,41,test
9873,88,42,test
9874,88,43,test
9875,88,44,test
9876,88,45,test
9877,88,46,test
9878,88,47,train
9879,88,48,test
9880,88,49,train
9881,88,50,train
9882,88,51,train
9883,88,52,test
9884,88,53,test
9885,88,54,test
9886,88,55,train
9887,88,56,train
9888,88,57,test
9889,88,58,test
9890,88,59,test
9891,88,60,test
9892,88,61,train
9893,88,62,test
9894,88,63,test
9895,88,64,test
9896,88,65,test
9897,88,66,test
9898,88,67,train
9899,88,68,test
9900,88,69,train
9901,88,70,test
9902,88,71,test
9903,88,72,test
9904,88,73,test
9905,88,74,test
9906,88,75,test
9907,88,76,train
9908,88,77,train
9909,88,78,test
9910,88,79,test
9911,88,80,test
9912,88,81,test
9913,88,82,test
9914,88,83,test
9915,88,84,train
9916,88,85,train
9917,88,86,test
9918,88,87,train
9919,88,88,test
9920,88,89,test
9921,88,90,train
9922,88,91,test
9923,88,92,test
9924,88,93,test
9925,88,94,train
9926,88,95,test
9927,88,96,train
9928,88,97,train
9929,88,98,train
9930,88,99,test
9931,88,100,test
9932,88,101,test
9933,88,102,test
9934,88,103,test
9935,88,104,test
9936,88,105,train
9937,88,106,test
9938,88,107,test
9939,88,108,test
9940,88,109,train
9941,88,110,test
9942,88,111,test
9943,88,112,train
9944,89,0,test
9945,89,1,test
9946,89,2,test
9947,89,3,train
9948,89,4,test
9949,89,5,test
9950,89,6,test
9951,89,7,train
9952,89,8,train
9953,89,9,test
9954,89,10,test
9955,89,11,test
9956,89,12,test
9957,89,13,train
9958,89,14,train
9959,89,15,train
9960,89,16,test
9961,89,17,test
9962,89,18,test
9963,89,19,test
9964,89,20,train
9965,89,21,test
9966,89,22,test
9967,89,23,test
9968,89,24,test
9969,89,25,test
9970,89,26,test
9971,89,27,test
9972,89,28,train
9973,89,29,test
9974,89,30,train
9975,89,31,test
9976,89,32,train
9977,89,33,test
9978,89,34,test
9979,89,35,test
9980,89,36,test
9981,89,37,test
9982,89,38,test
9983,89,39,train
9984,89,40,test
9985,89,41,test
9986,89,42,test
9987,89,43,train
9988,89,44,test
9989,89,45,train
9990,89,46,train
9991,89,47,test
9992,89,48,test
9993,89,49,train
9994,89,50,test
9995,89,51,test
9996,89,52,train
9997,89,53,train
9998,89,54,test
9999,89,55,test
10000,89,56,test
10001,89,57,test
10002,89,58,train
10003,89,59,test
10004,89,60,test
10005,89,61,test
10006,89,62,train
10007,89,63,train
10008,89,64,test
10009,89,65,test
10010,89,66,test
10011,89,67,test
10012,89,68,train
10013,89,69,test
10014,89,70,test
10015,89,71,test
10016,89,72,train
10017,89,73,train
10018,89,74,test
10019,89,75,train
10020,89,76,test
10021,89,77,test
10022,89,78,test
10023,89,79,test
10024,89,80,test
10025,89,81,train
10026,89,82,test
10027,89,83,train
10028,89,84,train
10029,89,85,train
10030,89,86,test
10031,89,87,test
10032,89,88,test
10033,89,89,test
10034,89,90,test
10035,89,91,test
10036,89,92,train
10037,89,93,test
10038,89,94,train
10039,89,95,train
10040,89,96,test
10041,89,97,test
10042,89,98,test
10043,89,99,test
10044,89,100,test
10045,89,101,train
10046,89,102,train
10047,89,103,train
10048,89,104,test
10049,89,105,test
10050,89,106,test
10051,89,107,test
10052,89,108,test
10053,89,109,test
10054,89,110,train
10055,89,111,train
10056,89,112,test
10057,90,0,train
10058,90,1,train
10059,90,2,train
10060,90,3,test
10061,90,4,train
10062,90,5,train
10063,90,6,test
10064,90,7,test
10065,90,8,train
10066,90,9,test
10067,90,10,train
10068,90,11,train
10069,90,12,train
10070,90,13,train
10071,90,14,test
10072,90,15,test
10073,90,16,test
10074,90,17,train
10075,90,18,test
10076,90,19,test
10077,90,20,test
10078,90,21,train
10079,90,22,train
10080,90,23,train
10081,90,24,test
10082,90,25,test
10083,90,26,test
10084,90,27,test
10085,90,28,test
10086,90,29,test
10087,90,30,test
10088,90,31,test
10089,90,32,train
10090,90,33,train
10091,90,34,test
10092,90,35,test
10093,90,36,train
10094,90,37,test
10095,90,38,test
10096,90,39,test
10097,90,40,test
10098,90,41,train
10099,90,42,test
10100,90,43,test
10101,90,44,train
10102,90,45,test
10103,90,46,test
10104,90,47,train
10105,90,48,train
10106,90,49,test
10107,90,50,train
10108,90,51,test
10109,90,52,test
10110,90,53,test
10111,90,54,train
10112,90,55,train
10113,90,56,test
10114,90,57,test
10115,90,58,test
10116,90,59,test
10117,90,60,test
10118,90,61,test
10119,90,62,train
10120,90,63,test
10121,90,64,test
10122,90,65,test
10123,90,66,train
10124,90,67,test
10125,90,68,test
10126,90,69,test
10127,90,70,test
10128,90,71,test
10129,90,72,train
10130,90,73,test
10131,90,74,train
10132,90,75,test
10133,90,76,test
10134,90,77,test
10135,90,78,test
10136,90,79,test
10137,90,80,train
10138,90,81,train
10139,90,82,train
10140,90,83,test
10141,90,84,test
10142,90,85,train
10143,90,86,test
10144,90,87,test
10145,90,88,test
10146,90,89,train
10147,90,90,test
10148,90,91,test
10149,90,92,test
10150,90,93,test
10151,90,94,train
10152,90,95,test
10153,90,96,test
10154,90,97,test
10155,90,98,train
10156,90,99,train
10157,90,100,train
10158,90,101,test
10159,90,102,test
10160,90,103,train
10161,90,104,test
10162,90,105,test
10163,90,106,test
10164,90,107,test
10165,90,108,test
10166,90,109,test
10167,90,110,test
10168,90,111,test
10169,90,112,train
10170,91,0,test
10171,91,1,train
10172,91,2,test
10173,91,3,train
10174,91,4,test
10175,91,5,test
10176,91,6,test
10177,91,7,test
10178,91,8,test
10179,91,9,test
10180,91,10,test
10181,91,11,train
10182,91,12,test
10183,91,13,test
10184,91,14,test
10185,91,15,test
10186,91,16,test
10187,91,17,test
10188,91,18,test
10189,91,19,train
10190,91,20,train
10191,91,21,test
10192,91,22,train
10193,91,23,test
10194,91,24,train
10195,91,25,test
10196,91,26,test
10197,91,27,train
10198,91,28,train
10199,91,29,test
10200,91,30,test
10201,91,31,test
10202,91,32,train
10203,91,33,test
10204,91,34,test
10205,91,35,test
10206,91,36,test
10207,91,37,test
10208,91,38,test
10209,91,39,test
10210,91,40,test
10211,91,41,test
10212,91,42,test
10213,91,43,test
10214,91,44,test
10215,91,45,test
10216,91,46,train
10217,91,47,train
10218,91,48,train
10219,91,49,train
10220,91,50,train
10221,91,51,test
10222,91,52,test
10223,91,53,test
10224,91,54,train
10225,91,55,test
10226,91,56,test
10227,91,57,test
10228,91,58,test
10229,91,59,test
10230,91,60,test
10231,91,61,test
10232,91,62,test
10233,91,63,test
10234,91,64,train
10235,91,65,test
10236,91,66,train
10237,91,67,test
10238,91,68,test
10239,91,69,train
10240,91,70,test
10241,91,71,test
10242,91,72,train
10243,91,73,test
10244,91,74,test
10245,91,75,train
10246,91,76,test
10247,91,77,train
10248,91,78,test
10249,91,79,test
10250,91,80,test
10251,91,81,train
10252,91,82,test
10253,91,83,test
10254,91,84,train
10255,91,85,train
10256,91,86,train
10257,91,87,test
10258,91,88,test
10259,91,89,test
10260,91,90,train
10261,91,91,test
10262,91,92,train
10263,91,93,test
10264,91,94,test
10265,91,95,test
10266,91,96,train
10267,91,97,test
10268,91,98,test
10269,91,99,test
10270,91,100,train
10271,91,101,test
10272,91,102,test
10273,91,103,test
10274,91,104,test
10275,91,105,test
10276,91,106,test
10277,91,107,test
10278,91,108,test
10279,91,109,test
10280,91,110,test
10281,91,111,test
10282,91,112,train
10283,92,0,train
10284,92,1,train
10285,92,2,train
10286,92,3,test
10287,92,4,test
10288,92,5,test
10289,92,6,test
10290,92,7,test
10291,92,8,train
10292,92,9,test
10293,92,10,test
10294,92,11,test
10295,92,12,test
10296,92,13,train
10297,92,14,train
10298,92,15,test
10299,92,16,test
10300,92,17,test
10301,92,18,train
10302,92,19,train
10303,92,20,test
10304,92,21,test
10305,92,22,test
10306,92,23,test
10307,92,24,test
10308,92,25,train
10309,92,26,train
10310,92,27,test
10311,92,28,train
10312,92,29,test
10313,92,30,test
10314,92,31,test
10315,92,32,train
10316,92,33,test
10317,92,34,test
10318,92,35,test
10319,92,36,test
10320,92,37,train
10321,92,38,test
10322,92,39,test
10323,92,40,train
10324,92,41,test
10325,92,42,train
10326,92,43,test
10327,92,44,test
10328,92,45,test
10329,92,46,test
10330,92,47,test
10331,92,48,train
10332,92,49,train
10333,92,50,test
10334,92,51,test
10335,92,52,test
10336,92,53,test
10337,92,54,train
10338,92,55,test
10339,92,56,test
10340,92,57,test
10341,92,58,test
10342,92,59,test
10343,92,60,test
10344,92,61,test
10345,92,62,train
10346,92,63,train
10347,92,64,train
10348,92,65,test
10349,92,66,test
10350,92,67,test
10351,92,68,test
10352,92,69,test
10353,92,70,test
10354,92,71,train
10355,92,72,train
10356,92,73,train
10357,92,74,test
10358,92,75,test
10359,92,76,test
10360,92,77,train
10361,92,78,test
10362,92,79,test
10363,92,80,test
10364,92,81,test
10365,92,82,test
10366,92,83,train
10367,92,84,test
10368,92,85,test
10369,92,86,train
10370,92,87,test
10371,92,88,test
10372,92,89,test
10373,92,90,test
10374,92,91,test
10375,92,92,train
10376,92,93,train
10377,92,94,test
10378,92,95,test
10379,92,96,test
10380,92,97,train
10381,92,98,train
10382,92,99,train
10383,92,100,test
10384,92,101,train
10385,92,102,test
10386,92,103,test
10387,92,104,train
10388,92,105,train
10389,92,106,test
10390,92,107,test
10391,92,108,test
10392,92,109,test
10393,92,110,train
10394,92,111,train
10395,92,112,test
10396,93,0,test
10397,93,1,test
10398,93,2,train
10399,93,3,train
10400,93,4,test
10401,93,5,train
10402,93,6,test
10403,93,7,test
10404,93,8,test
10405,93,9,test
10406,93,10,train
10407,93,11,train
10408,93,12,test
10409,93,13,train
10410,93,14,test
10411,93,15,test
10412,93,16,train
10413,93,17,test
10414,93,18,test
10415,93,19,test
10416,93,20,train
10417,93,21,test
10418,93,22,train
10419,93,23,train
10420,93,24,test
10421,93,25,test
10422,93,26,test
10423,93,27,train
10424,93,28,test
10425,93,29,test
10426,93,30,train
10427,93,31,train
10428,93,32,test
10429,93,33,test
10430,93,34,test
10431,93,35,train
10432,93,36,test
10433,93,37,train
10434,93,38,test
10435,93,39,test
10436,93,40,test
10437,93,41,test
10438,93,42,test
10439,93,43,test
10440,93,44,test
10441,93,45,test
10442,93,46,test
10443,93,47,test
10444,93,48,train
10445,93,49,test
10446,93,50,train
10447,93,51,test
10448,93,52,test
10449,93,53,test
10450,93,54,test
10451,93,55,test
10452,93,56,train
10453,93,57,train
10454,93,58,test
10455,93,59,test
10456,93,60,test
10457,93,61,test
10458,93,62,test
10459,93,63,train
10460,93,64,test
10461,93,65,test
10462,93,66,test
10463,93,67,test
10464,93,68,test
10465,93,69,test
10466,93,70,test
10467,93,71,test
10468,93,72,test
10469,93,73,train
10470,93,74,test
10471,93,75,test
10472,93,76,train
10473,93,77,test
10474,93,78,train
10475,93,79,train
10476,93,80,test
10477,93,81,test
10478,93,82,train
10479,93,83,train
10480,93,84,train
10481,93,85,test
10482,93,86,test
10483,93,87,test
10484,93,88,test
10485,93,89,test
10486,93,90,test
10487,93,91,test
10488,93,92,test
10489,93,93,train
10490,93,94,train
10491,93,95,test
10492,93,96,test
10493,93,97,test
10494,93,98,test
10495,93,99,train
10496,93,100,test
10497,93,101,test
10498,93,102,train
10499,93,103,test
10500,93,104,test
10501,93,105,test
10502,93,106,test
10503,93,107,train
10504,93,108,train
10505,93,109,test
10506,93,110,test
10507,93,111,train
10508,93,112,test
10509,94,0,train
10510,94,1,test
10511,94,2,train
10512,94,3,test
10513,94,4,test
10514,94,5,test
10515,94,6,test
10516,94,7,test
10517,94,8,train
10518,94,9,train
10519,94,10,train
10520,94,11,test
10521,94,12,test
10522,94,13,train
10523,94,14,test
10524,94,15,test
10525,94,16,test
10526,94,17,train
10527,94,18,train
10528,94,19,test
10529,94,20,test
10530,94,21,test
10531,94,22,test
10532,94,23,test
10533,94,24,test
10534,94,25,test
10535,94,26,test
10536,94,27,test
10537,94,28,test
10538,94,29,test
10539,94,30,train
10540,94,31,test
10541,94,32,test
10542,94,33,test
10543,94,34,test
10544,94,35,test
10545,94,36,test
10546,94,37,test
10547,94,38,test
10548,94,39,test
10549,94,40,test
10550,94,41,test
10551,94,42,train
10552,94,43,train
10553,94,44,train
10554,94,45,train
10555,94,46,train
10556,94,47,train
10557,94,48,test
10558,94,49,test
10559,94,50,test
10560,94,51,train
10561,94,52,test
10562,94,53,test
10563,94,54,train
10564,94,55,test
10565,94,56,test
10566,94,57,test
10567,94,58,test
10568,94,59,test
10569,94,60,train
10570,94,61,test
10571,94,62,test
10572,94,63,test
10573,94,64,test
10574,94,65,test
10575,94,66,test
10576,94,67,test
10577,94,68,train
10578,94,69,test
10579,94,70,train
10580,94,71,test
10581,94,72,test
10582,94,73,test
10583,94,74,train
10584,94,75,test
10585,94,76,train
10586,94,77,test
10587,94,78,test
10588,94,79,test
10589,94,80,test
10590,94,81,test
10591,94,82,test
10592,94,83,test
10593,94,84,test
10594,94,85,test
10595,94,86,train
10596,94,87,test
10597,94,88,test
10598,94,89,train
10599,94,90,test
10600,94,91,train
10601,94,92,train
10602,94,93,test
10603,94,94,test
10604,94,95,test
10605,94,96,test
10606,94,97,test
10607,94,98,test
10608,94,99,test
10609,94,100,test
10610,94,101,test
10611,94,102,test
10612,94,103,test
10613,94,104,test
10614,94,105,train
10615,94,106,test
10616,94,107,test
10617,94,108,test
10618,94,109,test
10619,94,110,test
10620,94,111,train
10621,94,112,test
10622,95,0,test
10623,95,1,train
10624,95,2,test
10625,95,3,test
10626,95,4,train
10627,95,5,test
10628,95,6,test
10629,95,7,train
10630,95,8,train
10631,95,9,test
10632,95,10,train
10633,95,11,test
10634,95,12,train
10635,95,13,test
10636,95,14,test
10637,95,15,test
10638,95,16,train
10639,95,17,test
10640,95,18,test
10641,95,19,test
10642,95,20,train
10643,95,21,test
10644,95,22,test
10645,95,23,train
10646,95,24,test
10647,95,25,test
10648,95,26,test
10649,95,27,test
10650,95,28,train
10651,95,29,test
10652,95,30,test
10653,95,31,test
10654,95,32,test
10655,95,33,test
10656,95,34,test
10657,95,35,test
10658,95,36,test
10659,95,37,test
10660,95,38,train
10661,95,39,train
10662,95,40,train
10663,95,41,train
10664,95,42,test
10665,95,43,train
10666,95,44,test
10667,95,45,test
10668,95,46,train
10669,95,47,test
10670,95,48,train
10671,95,49,test
10672,95,50,test
10673,95,51,train
10674,95,52,test
10675,95,53,train
10676,95,54,test
10677,95,55,test
10678,95,56,test
10679,95,57,test
10680,95,58,train
10681,95,59,test
10682,95,60,test
10683,95,61,test
10684,95,62,test
10685,95,63,train
10686,95,64,test
10687,95,65,test
10688,95,66,test
10689,95,67,test
10690,95,68,test
10691,95,69,test
10692,95,70,test
10693,95,71,train
10694,95,72,test
10695,95,73,test
10696,95,74,test
10697,95,75,test
10698,95,76,test
10699,95,77,train
10700,95,78,test
10701,95,79,test
10702,95,80,train
10703,95,81,test
10704,95,82,train
10705,95,83,test
10706,95,84,test
10707,95,85,train
10708,95,86,test
10709,95,87,train
10710,95,88,test
10711,95,89,train
10712,95,90,test
10713,95,91,test
10714,95,92,test
10715,95,93,test
10716,95,94,train
10717,95,95,train
10718,95,96,train
10719,95,97,test
10720,95,98,test
10721,95,99,train
10722,95,100,test
10723,95,101,train
10724,95,102,test
10725,95,103,test
10726,95,104,test
10727,95,105,test
10728,95,106,train
10729,95,107,test
10730,95,108,test
10731,95,109,train
10732,95,110,train
10733,95,111,test
10734,95,112,train
10735,96,0,test
10736,96,1,test
10737,96,2,train
10738,96,3,test
10739,96,4,test
10740,96,5,test
10741,96,6,test
10742,96,7,train
10743,96,8,test
10744,96,9,test
10745,96,10,test
10746,96,11,test
10747,96,12,test
10748,96,13,test
10749,96,14,train
10750,96,15,train
10751,96,16,test
10752,96,17,train
10753,96,18,test
10754,96,19,test
10755,96,20,test
10756,96,21,train
10757,96,22,test
10758,96,23,train
10759,96,24,test
10760,96,25,train
10761,96,26,train
10762,96,27,test
10763,96,28,test
10764,96,29,train
10765,96,30,train
10766,96,31,test
10767,96,32,test
10768,96,33,train
10769,96,34,test
10770,96,35,test
10771,96,36,train
10772,96,37,test
10773,96,38,test
10774,96,39,train
10775,96,40,test
10776,96,41,test
10777,96,42,test
10778,96,43,train
10779,96,44,train
10780,96,45,train
10781,96,46,test
10782,96,47,train
10783,96,48,test
10784,96,49,test
10785,96,50,train
10786,96,51,train
10787,96,52,train
10788,96,53,train
10789,96,54,test
10790,96,55,test
10791,96,56,test
10792,96,57,train
10793,96,58,test
10794,96,59,test
10795,96,60,test
10796,96,61,test
10797,96,62,test
10798,96,63,train
10799,96,64,test
10800,96,65,test
10801,96,66,test
10802,96,67,train
10803,96,68,test
10804,96,69,test
10805,96,70,train
10806,96,71,train
10807,96,72,test
10808,96,73,train
10809,96,74,test
10810,96,75,test
10811,96,76,test
10812,96,77,test
10813,96,78,test
10814,96,79,test
10815,96,80,train
10816,96,81,train
10817,96,82,train
10818,96,83,test
10819,96,84,test
10820,96,85,test
10821,96,86,test
10822,96,87,train
10823,96,88,train
10824,96,89,test
10825,96,90,train
10826,96,91,train
10827,96,92,test
10828,96,93,train
10829,96,94,test
10830,96,95,test
10831,96,96,train
10832,96,97,test
10833,96,98,train
10834,96,99,test
10835,96,100,test
10836,96,101,test
10837,96,102,test
10838,96,103,test
10839,96,104,test
10840,96,105,test
10841,96,106,train
10842,96,107,train
10843,96,108,train
10844,96,109,test
10845,96,110,test
10846,96,111,test
10847,96,112,test
10848,97,0,test
10849,97,1,test
10850,97,2,train
10851,97,3,test
10852,97,4,train
10853,97,5,test
10854,97,6,train
10855,97,7,test
10856,97,8,test
10857,97,9,test
10858,97,10,test
10859,97,11,test
10860,97,12,test
10861,97,13,test
10862,97,14,test
10863,97,15,train
10864,97,16,train
10865,97,17,test
10866,97,18,test
10867,97,19,train
10868,97,20,test
10869,97,21,test
10870,97,22,train
10871,97,23,train
10872,97,24,train
10873,97,25,test
10874,97,26,test
10875,97,27,test
10876,97,28,test
10877,97,29,test
10878,97,30,test
10879,97,31,train
10880,97,32,test
10881,97,33,test
10882,97,34,test
10883,97,35,test
10884,97,36,test
10885,97,37,test
10886,97,38,train
10887,97,39,train
10888,97,40,test
10889,97,41,test
10890,97,42,test
10891,97,43,test
10892,97,44,test
10893,97,45,train
10894,97,46,test
10895,97,47,train
10896,97,48,test
10897,97,49,test
10898,97,50,test
10899,97,51,train
10900,97,52,test
10901,97,53,train
10902,97,54,test
10903,97,55,test
10904,97,56,train
10905,97,57,test
10906,97,58,test
10907,97,59,train
10908,97,60,test
10909,97,61,test
10910,97,62,train
10911,97,63,test
10912,97,64,test
10913,97,65,test
10914,97,66,train
10915,97,67,test
10916,97,68,test
10917,97,69,train
10918,97,70,test
10919,97,71,test
10920,97,72,test
10921,97,73,test
10922,97,74,test
10923,97,75,test
10924,97,76,train
10925,97,77,test
10926,97,78,test
10927,97,79,test
10928,97,80,test
10929,97,81,train
10930,97,82,test
10931,97,83,train
10932,97,84,test
10933,97,85,test
10934,97,86,train
10935,97,87,test
10936,97,88,train
10937,97,89,test
10938,97,90,train
10939,97,91,test
10940,97,92,test
10941,97,93,test
10942,97,94,test
10943,97,95,test
10944,97,96,train
10945,97,97,train
10946,97,98,test
10947,97,99,test
10948,97,100,train
10949,97,101,test
10950,97,102,test
10951,97,103,train
10952,97,104,train
10953,97,105,train
10954,97,106,test
10955,97,107,test
10956,97,108,train
10957,97,109,test
10958,97,110,test
10959,97,111,train
10960,97,112,test
10961,98,0,test
10962,98,1,train
10963,98,2,test
10964,98,3,train
10965,98,4,train
10966,98,5,test
10967,98,6,test
10968,98,7,test
10969,98,8,train
10970,98,9,train
10971,98,10,test
10972,98,11,test
10973,98,12,test
10974,98,13,train
10975,98,14,test
10976,98,15,test
10977,98,16,test
10978,98,17,test
10979,98,18,test
10980,98,19,test
10981,98,20,test
10982,98,21,train
10983,98,22,train
10984,98,23,train
10985,98,24,test
10986,98,25,test
10987,98,26,test
10988,98,27,train
10989,98,28,test
10990,98,29,train
10991,98,30,test
10992,98,31,train
10993,98,32,test
10994,98,33,test
10995,98,34,test
10996,98,35,train
10997,98,36,train
10998,98,37,test
10999,98,38,test
11000,98,39,train
11001,98,40,test
11002,98,41,test
11003,98,42,test
11004,98,43,test
11005,98,44,test
11006,98,45,test
11007,98,46,train
11008,98,47,train
11009,98,48,train
11010,98,49,test
11011,98,50,train
11012,98,51,test
11013,98,52,train
11014,98,53,test
11015,98,54,test
11016,98,55,train
11017,98,56,test
11018,98,57,train
11019,98,58,test
11020,98,59,test
11021,98,60,test
11022,98,61,test
11023,98,62,test
11024,98,63,test
11025,98,64,train
11026,98,65,test
11027,98,66,test
11028,98,67,test
11029,98,68,test
11030,98,69,test
11031,98,70,test
11032,98,71,test
11033,98,72,test
11034,98,73,test
11035,98,74,test
11036,98,75,train
11037,98,76,test
11038,98,77,test
11039,98,78,test
11040,98,79,train
11041,98,80,test
11042,98,81,train
11043,98,82,train
11044,98,83,train
11045,98,84,test
11046,98,85,test
11047,98,86,test
11048,98,87,test
11049,98,88,test
11050,98,89,test
11051,98,90,train
11052,98,91,test
11053,98,92,test
11054,98,93,train
11055,98,94,test
11056,98,95,test
11057,98,96,train
11058,98,97,test
11059,98,98,train
11060,98,99,test
11061,98,100,test
11062,98,101,test
11063,98,102,test
11064,98,103,test
11065,98,104,test
11066,98,105,test
11067,98,106,train
11068,98,107,test
11069,98,108,test
11070,98,109,test
11071,98,110,test
11072,98,111,test
11073,98,112,test
11074,99,0,train
11075,99,1,test
11076,99,2,train
11077,99,3,test
11078,99,4,train
11079,99,5,train
11080,99,6,test
11081,99,7,test
11082,99,8,test
11083,99,9,test
11084,99,10,test
11085,99,11,test
11086,99,12,test
11087,99,13,test
11088,99,14,test
11089,99,15,test
11090,99,16,train
11091,99,17,test
11092,99,18,test
11093,99,19,train
11094,99,20,train
11095,99,21,test
11096,99,22,train
11097,99,23,test
11098,99,24,test
11099,99,25,test
11100,99,26,train
11101,99,27,test
11102,99,28,test
11103,99,29,test
11104,99,30,test
11105,99,31,train
11106,99,32,test
11107,99,33,test
11108,99,34,test
11109,99,35,train
11110,99,36,train
11111,99,37,test
11112,99,38,test
11113,99,39,train
11114,99,40,test
11115,99,41,test
11116,99,42,test
11117,99,43,train
11118,99,44,test
11119,99,45,test
11120,99,46,test
11121,99,47,test
11122,99,48,train
11123,99,49,test
11124,99,50,train
11125,99,51,train
11126,99,52,test
11127,99,53,test
11128,99,54,test
11129,99,55,train
11130,99,56,train
11131,99,57,test
11132,99,58,test
11133,99,59,test
11134,99,60,test
11135,99,61,test
11136,99,62,test
11137,99,63,train
11138,99,64,test
11139,99,65,test
11140,99,66,test
11141,99,67,test
11142,99,68,test
11143,99,69,test
11144,99,70,train
11145,99,71,test
11146,99,72,train
11147,99,73,train
11148,99,74,train
11149,99,75,test
11150,99,76,test
11151,99,77,test
11152,99,78,train
11153,99,79,test
11154,99,80,test
11155,99,81,test
11156,99,82,test
11157,99,83,train
11158,99,84,test
11159,99,85,train
11160,99,86,test
11161,99,87,test
11162,99,88,test
11163,99,89,train
11164,99,90,test
11165,99,91,train
11166,99,92,test
11167,99,93,test
11168,99,94,test
11169,99,95,test
11170,99,96,test
11171,99,97,test
11172,99,98,test
11173,99,99,test
11174,99,100,test
11175,99,101,test
11176,99,102,test
11177,99,103,train
11178,99,104,train
11179,99,105,test
11180,99,106,train
11181,99,107,test
11182,99,108,test
11183,99,109,train
11184,99,110,test
11185,99,111,test
11186,99,112,train
11187,100,0,test
11188,100,1,test
11189,100,2,test
11190,100,3,train
11191,100,4,train
11192,100,5,test
11193,100,6,train
11194,100,7,test
11195,100,8,test
11196,100,9,test
11197,100,10,test
11198,100,11,test
11199,100,12,test
11200,100,13,test
11201,100,14,test
11202,100,15,train
11203,100,16,test
11204,100,17,train
11205,100,18,test
11206,100,19,test
11207,100,20,test
11208,100,21,test
11209,100,22,train
11210,100,23,test
11211,100,24,train
11212,100,25,test
11213,100,26,test
11214,100,27,test
11215,100,28,test
11216,100,29,test
11217,100,30,train
11218,100,31,test
11219,100,32,train
11220,100,33,test
11221,100,34,test
11222,100,35,test
11223,100,36,test
11224,100,37,test
11225,100,38,train
11226,100,39,test
11227,100,40,test
11228,100,41,train
11229,100,42,train
11230,100,43,train
11231,100,44,test
11232,100,45,test
11233,100,46,train
11234,100,47,test
11235,100,48,train
11236,100,49,test
11237,100,50,test
11238,100,51,test
11239,100,52,test
11240,100,53,test
11241,100,54,test
11242,100,55,test
11243,100,56,train
11244,100,57,train
11245,100,58,train
11246,100,59,test
11247,100,60,train
11248,100,61,train
11249,100,62,test
11250,100,63,train
11251,100,64,test
11252,100,65,test
11253,100,66,test
11254,100,67,test
11255,100,68,test
11256,100,69,test
11257,100,70,test
11258,100,71,test
11259,100,72,train
11260,100,73,test
11261,100,74,test
11262,100,75,test
11263,100,76,test
11264,100,77,test
11265,100,78,test
11266,100,79,test
11267,100,80,test
11268,100,81,test
11269,100,82,test
11270,100,83,train
11271,100,84,train
11272,100,85,test
11273,100,86,train
11274,100,87,test
11275,100,88,test
11276,100,89,train
11277,100,90,test
11278,100,91,train
11279,100,92,train
11280,100,93,test
11281,100,94,test
11282,100,95,test
11283,100,96,test
11284,100,97,train
11285,100,98,train
11286,100,99,test
11287,100,100,test
11288,100,101,test
11289,100,102,test
11290,100,103,test
11291,100,104,test
11292,100,105,train
11293,100,106,test
11294,100,107,test
11295,100,108,test
11296,100,109,test
11297,100,110,test
11298,100,111,train
11299,100,112,test
11300,101,0,test
11301,101,1,train
11302,101,2,test
11303,101,3,test
11304,101,4,test
11305,101,5,test
11306,101,6,test
11307,101,7,test
11308,101,8,test
11309,101,9,test
11310,101,10,test
11311,101,11,test
11312,101,12,test
11313,101,13,test
11314,101,14,test
11315,101,15,test
11316,101,16,train
11317,101,17,test
11318,101,18,test
11319,101,19,test
11320,101,20,test
11321,101,21,test
11322,101,22,test
11323,101,23,train
11324,101,24,test
11325,101,25,test
11326,101,26,test
11327,101,27,test
11328,101,28,test
11329,101,29,train
11330,101,30,train
11331,101,31,test
11332,101,32,test
11333,101,33,test
11334,101,34,test
11335,101,35,test
11336,101,36,train
11337,101,37,test
11338,101,38,test
11339,101,39,test
11340,101,40,train
11341,101,41,train
11342,101,42,test
11343,101,43,test
11344,101,44,test
11345,101,45,test
11346,101,46,test
11347,101,47,test
11348,101,48,test
11349,101,49,test
11350,101,50,test
11351,101,51,test
11352,101,52,test
11353,101,53,train
11354,101,54,test
11355,101,55,test
11356,101,56,train
11357,101,57,test
11358,101,58,test
11359,101,59,test
11360,101,60,train
11361,101,61,test
11362,101,62,train
11363,101,63,test
11364,101,64,train
11365,101,65,test
11366,101,66,test
11367,101,67,test
11368,101,68,train
11369,101,69,test
11370,101,70,test
11371,101,71,test
11372,101,72,test
11373,101,73,test
11374,101,74,test
11375,101,75,test
11376,101,76,test
11377,101,77,test
11378,101,78,test
11379,101,79,test
11380,101,80,test
11381,101,81,test
11382,101,82,test
11383,101,83,train
11384,101,84,test
11385,101,85,test
11386,101,86,test
11387,101,87,test
11388,101,88,test
11389,101,89,test
11390,101,90,test
11391,101,91,test
11392,101,92,test
11393,101,93,test
11394,101,94,train
11395,101,95,test
11396,101,96,test
11397,101,97,test
11398,101,98,test
11399,101,99,train
11400,101,100,train
11401,101,101,test
11402,101,102,test
11403,101,103,train
11404,101,104,train
11405,101,105,test
11406,101,106,test
11407,101,107,test
11408,101,108,test
11409,101,109,test
11410,101,110,train
11411,101,111,train
11412,101,112,test
11413,102,0,test
11414,102,1,train
11415,102,2,test
11416,102,3,test
11417,102,4,test
11418,102,5,test
11419,102,6,train
11420,102,7,test
11421,102,8,test
11422,102,9,test
11423,102,10,test
11424,102,11,train
11425,102,12,test
11426,102,13,test
11427,102,14,test
11428,102,15,train
11429,102,16,train
11430,102,17,test
11431,102,18,test
11432,102,19,test
11433,102,20,test
11434,102,21,train
11435,102,22,test
11436,102,23,test
11437,102,24,test
11438,102,25,test
11439,102,26,test
11440,102,27,test
11441,102,28,test
11442,102,29,train
11443,102,30,test
11444,102,31,test
11445,102,32,test
11446,102,33,test
11447,102,34,train
11448,102,35,test
11449,102,36,train
11450,102,37,test
11451,102,38,test
11452,102,39,test
11453,102,40,test
11454,102,41,test
11455,102,42,test
11456,102,43,train
11457,102,44,test
11458,102,45,train
11459,102,46,test
11460,102,47,test
11461,102,48,test
11462,102,49,train
11463,102,50,train
11464,102,51,test
11465,102,52,train
11466,102,53,train
11467,102,54,test
11468,102,55,test
11469,102,56,test
11470,102,57,test
11471,102,58,test
11472,102,59,test
11473,102,60,train
11474,102,61,test
11475,102,62,train
11476,102,63,test
11477,102,64,test
11478,102,65,train
11479,102,66,test
11480,102,67,test
11481,102,68,test
11482,102,69,test
11483,102,70,test
11484,102,71,test
11485,102,72,test
11486,102,73,test
11487,102,74,train
11488,102,75,test
11489,102,76,test
11490,102,77,test
11491,102,78,test
11492,102,79,test
11493,102,80,test
11494,102,81,test
11495,102,82,train
11496,102,83,train
11497,102,84,test
11498,102,85,test
11499,102,86,test
11500,102,87,train
11501,102,88,test
11502,102,89,test
11503,102,90,test
11504,102,91,train
11505,102,92,test
11506,102,93,test
11507,102,94,test
11508,102,95,test
11509,102,96,test
11510,102,97,test
11511,102,98,test
11512,102,99,train
11513,102,100,test
11514,102,101,test
11515,102,102,test
11516,102,103,test
11517,102,104,test
11518,102,105,test
11519,102,106,test
11520,102,107,test
11521,102,108,train
11522,102,109,test
11523,102,110,test
11524,102,111,test
11525,102,112,test
11526,103,0,test
11527,103,1,test
11528,103,2,test
11529,103,3,train
11530,103,4,test
11531,103,5,train
11532,103,6,train
11533,103,7,test
11534,103,8,train
11535,103,9,train
11536,103,10,test
11537,103,11,test
11538,103,12,train
11539,103,13,test
11540,103,14,test
11541,103,15,train
11542,103,16,test
11543,103,17,test
11544,103,18,train
11545,103,19,train
11546,103,20,test
11547,103,21,test
11548,103,22,test
11549,103,23,test
11550,103,24,test
11551,103,25,train
11552,103,26,train
11553,103,27,train
11554,103,28,train
11555,103,29,test
11556,103,30,test
11557,103,31,test
11558,103,32,test
11559,103,33,test
11560,103,34,test
11561,103,35,test
11562,103,36,test
11563,103,37,test
11564,103,38,test
11565,103,39,test
11566,103,40,test
11567,103,41,test
11568,103,42,test
11569,103,43,train
11570,103,44,test
11571,103,45,test
11572,103,46,test
11573,103,47,test
11574,103,48,train
11575,103,49,test
11576,103,50,test
11577,103,51,train
11578,103,52,test
11579,103,53,train
11580,103,54,train
11581,103,55,test
11582,103,56,test
11583,103,57,test
11584,103,58,train
11585,103,59,train
11586,103,60,test
11587,103,61,test
11588,103,62,test
11589,103,63,test
11590,103,64,test
11591,103,65,test
11592,103,66,test
11593,103,67,test
11594,103,68,test
11595,103,69,test
11596,103,70,train
11597,103,71,test
11598,103,72,test
11599,103,73,test
11600,103,74,test
11601,103,75,train
11602,103,76,test
11603,103,77,test
11604,103,78,test
11605,103,79,test
11606,103,80,test
11607,103,81,test
11608,103,82,test
11609,103,83,test
11610,103,84,test
11611,103,85,test
11612,103,86,test
11613,103,87,train
11614,103,88,test
11615,103,89,train
11616,103,90,train
11617,103,91,train
11618,103,92,test
11619,103,93,test
11620,103,94,test
11621,103,95,test
11622,103,96,test
11623,103,97,test
11624,103,98,train
11625,103,99,test
11626,103,100,test
11627,103,101,test
11628,103,102,test
11629,103,103,train
11630,103,104,train
11631,103,105,train
11632,103,106,test
11633,103,107,train
11634,103,108,test
11635,103,109,test
11636,103,110,test
11637,103,111,train
11638,103,112,test
11639,104,0,test
11640,104,1,test
11641,104,2,train
11642,104,3,test
11643,104,4,test
11644,104,5,train
11645,104,6,train
11646,104,7,train
11647,104,8,test
11648,104,9,test
11649,104,10,test
11650,104,11,test
11651,104,12,test
11652,104,13,test
11653,104,14,train
11654,104,15,test
11655,104,16,test
11656,104,17,test
11657,104,18,train
11658,104,19,test
11659,104,20,test
11660,104,21,test
11661,104,22,test
11662,104,23,test
11663,104,24,test
11664,104,25,test
11665,104,26,train
11666,104,27,train
11667,104,28,test
11668,104,29,train
11669,104,30,test
11670,104,31,test
11671,104,32,train
11672,104,33,test
11673,104,34,test
11674,104,35,test
11675,104,36,test
11676,104,37,train
11677,104,38,test
11678,104,39,test
11679,104,40,test
11680,104,41,test
11681,104,42,train
11682,104,43,train
11683,104,44,test
11684,104,45,train
11685,104,46,test
11686,104,47,test
11687,104,48,train
11688,104,49,test
11689,104,50,train
11690,104,51,test
11691,104,52,test
11692,104,53,test
11693,104,54,test
11694,104,55,train
11695,104,56,test
11696,104,57,test
11697,104,58,test
11698,104,59,test
11699,104,60,test
11700,104,61,train
11701,104,62,test
11702,104,63,test
11703,104,64,test
11704,104,65,train
11705,104,66,test
11706,104,67,train
11707,104,68,test
11708,104,69,train
11709,104,70,test
11710,104,71,test
11711,104,72,test
11712,104,73,test
11713,104,74,train
11714,104,75,test
11715,104,76,test
11716,104,77,train
11717,104,78,train
11718,104,79,train
11719,104,80,test
11720,104,81,train
11721,104,82,test
11722,104,83,test
11723,104,84,test
11724,104,85,train
11725,104,86,test
11726,104,87,train
11727,104,88,test
11728,104,89,test
11729,104,90,train
11730,104,91,train
11731,104,92,test
11732,104,93,test
11733,104,94,test
11734,104,95,test
11735,104,96,train
11736,104,97,train
11737,104,98,test
11738,104,99,train
11739,104,100,test
11740,104,101,train
11741,104,102,test
11742,104,103,train
11743,104,104,test
11744,104,105,train
11745,104,106,test
11746,104,107,test
11747,104,108,test
11748,104,109,test
11749,104,110,test
11750,104,111,test
11751,104,112,test
11752,105,0,test
11753,105,1,test
11754,105,2,test
11755,105,3,train
11756,105,4,test
11757,105,5,test
11758,105,6,test
11759,105,7,test
11760,105,8,train
11761,105,9,test
11762,105,10,test
11763,105,11,test
11764,105,12,train
11765,105,13,train
11766,105,14,train
11767,105,15,test
11768,105,16,train
11769,105,17,test
11770,105,18,test
11771,105,19,train
11772,105,20,test
11773,105,21,test
11774,105,22,test
11775,105,23,test
11776,105,24,test
11777,105,25,test
11778,105,26,test
11779,105,27,test
11780,105,28,test
11781,105,29,test
11782,105,30,test
11783,105,31,train
11784,105,32,test
11785,105,33,test
11786,105,34,train
11787,105,35,test
11788,105,36,train
11789,105,37,test
11790,105,38,test
11791,105,39,test
11792,105,40,test
11793,105,41,train
11794,105,42,train
11795,105,43,train
11796,105,44,test
11797,105,45,test
11798,105,46,test
11799,105,47,train
11800,105,48,test
11801,105,49,test
11802,105,50,train
11803,105,51,train
11804,105,52,test
11805,105,53,train
11806,105,54,train
11807,105,55,test
11808,105,56,test
11809,105,57,test
11810,105,58,test
11811,105,59,test
11812,105,60,train
11813,105,61,test
11814,105,62,test
11815,105,63,train
11816,105,64,test
11817,105,65,test
11818,105,66,test
11819,105,67,train
11820,105,68,train
11821,105,69,train
11822,105,70,test
11823,105,71,test
11824,105,72,train
11825,105,73,train
11826,105,74,train
11827,105,75,test
11828,105,76,test
11829,105,77,test
11830,105,78,test
11831,105,79,test
11832,105,80,test
11833,105,81,test
11834,105,82,train
11835,105,83,test
11836,105,84,test
11837,105,85,test
11838,105,86,test
11839,105,87,train
11840,105,88,test
11841,105,89,train
11842,105,90,train
11843,105,91,test
11844,105,92,test
11845,105,93,train
11846,105,94,test
11847,105,95,test
11848,105,96,test
11849,105,97,train
11850,105,98,test
11851,105,99,test
11852,105,100,train
11853,105,101,train
11854,105,102,test
11855,105,103,train
11856,105,104,train
11857,105,105,train
11858,105,106,train
11859,105,107,test
11860,105,108,train
11861,105,109,test
11862,105,110,test
11863,105,111,train
11864,105,112,test
11865,106,0,train
11866,106,1,test
11867,106,2,test
11868,106,3,test
11869,106,4,test
11870,106,5,train
11871,106,6,test
11872,106,7,test
11873,106,8,train
11874,106,9,test
11875,106,10,test
11876,106,11,test
11877,106,12,test
11878,106,13,test
11879,106,14,test
11880,106,15,test
11881,106,16,train
11882,106,17,test
11883,106,18,train
11884,106,19,train
11885,106,20,test
11886,106,21,train
11887,106,22,test
11888,106,23,test
11889,106,24,test
11890,106,25,train
11891,106,26,test
11892,106,27,test
11893,106,28,train
11894,106,29,test
11895,106,30,test
11896,106,31,test
11897,106,32,train
11898,106,33,test
11899,106,34,test
11900,106,35,test
11901,106,36,test
11902,106,37,test
11903,106,38,train
11904,106,39,test
11905,106,40,test
11906,106,41,test
11907,106,42,train
11908,106,43,train
11909,106,44,train
11910,106,45,test
11911,106,46,test
11912,106,47,test
11913,106,48,test
11914,106,49,train
11915,106,50,test
11916,106,51,test
11917,106,52,test
11918,106,53,test
11919,106,54,train
11920,106,55,test
11921,106,56,train
11922,106,57,test
11923,106,58,test
11924,106,59,test
11925,106,60,train
11926,106,61,test
11927,106,62,test
11928,106,63,train
11929,106,64,test
11930,106,65,test
11931,106,66,test
11932,106,67,test
11933,106,68,train
11934,106,69,train
11935,106,70,test
11936,106,71,test
11937,106,72,test
11938,106,73,test
11939,106,74,train
11940,106,75,test
11941,106,76,train
11942,106,77,test
11943,106,78,train
11944,106,79,test
11945,106,80,test
11946,106,81,test
11947,106,82,train
11948,106,83,test
11949,106,84,test
11950,106,85,test
11951,106,86,test
11952,106,87,train
11953,106,88,test
11954,106,89,train
11955,106,90,test
11956,106,91,test
11957,106,92,test
11958,106,93,test
11959,106,94,test
11960,106,95,test
11961,106,96,test
11962,106,97,train
11963,106,98,test
11964,106,99,test
11965,106,100,train
11966,106,101,train
11967,106,102,test
11968,106,103,test
11969,106,104,test
11970,106,105,test
11971,106,106,train
11972,106,107,test
11973,106,108,test
11974,106,109,test
11975,106,110,test
11976,106,111,test
11977,106,112,train
11978,107,0,train
11979,107,1,test
11980,107,2,test
11981,107,3,train
11982,107,4,train
11983,107,5,test
11984,107,6,test
11985,107,7,train
11986,107,8,train
11987,107,9,test
11988,107,10,test
11989,107,11,train
11990,107,12,test
11991,107,13,test
11992,107,14,test
11993,107,15,test
11994,107,16,train
11995,107,17,test
11996,107,18,test
11997,107,19,test
11998,107,20,test
11999,107,21,test
12000,107,22,test
12001,107,23,train
12002,107,24,train
12003,107,25,train
12004,107,26,test
12005,107,27,train
12006,107,28,test
12007,107,29,test
12008,107,30,test
12009,107,31,train
12010,107,32,test
12011,107,33,test
12012,107,34,test
12013,107,35,train
12014,107,36,test
12015,107,37,test
12016,107,38,test
12017,107,39,test
12018,107,40,test
12019,107,41,test
12020,107,42,test
12021,107,43,train
12022,107,44,test
12023,107,45,test
12024,107,46,train
12025,107,47,test
12026,107,48,test
12027,107,49,train
12028,107,50,test
12029,107,51,test
12030,107,52,test
12031,107,53,test
12032,107,54,test
12033,107,55,test
12034,107,56,test
12035,107,57,test
12036,107,58,test
12037,107,59,test
12038,107,60,train
12039,107,61,train
12040,107,62,train
12041,107,63,test
12042,107,64,train
12043,107,65,test
12044,107,66,train
12045,107,67,train
12046,107,68,test
12047,107,69,test
12048,107,70,train
12049,107,71,test
12050,107,72,test
12051,107,73,test
12052,107,74,test
12053,107,75,test
12054,107,76,test
12055,107,77,test
12056,107,78,train
12057,107,79,test
12058,107,80,train
12059,107,81,test
12060,107,82,test
12061,107,83,test
12062,107,84,train
12063,107,85,test
12064,107,86,train
12065,107,87,test
12066,107,88,test
12067,107,89,test
12068,107,90,test
12069,107,91,test
12070,107,92,train
12071,107,93,train
12072,107,94,train
12073,107,95,test
12074,107,96,train
12075,107,97,test
12076,107,98,test
12077,107,99,test
12078,107,100,train
12079,107,101,train
12080,107,102,train
12081,107,103,test
12082,107,104,train
12083,107,105,test
12084,107,106,test
12085,107,107,train
12086,107,108,test
12087,107,109,train
12088,107,110,test
12089,107,111,test
12090,107,112,train
12091,108,0,test
12092,108,1,test
12093,108,2,test
12094,108,3,test
12095,108,4,train
12096,108,5,train
12097,108,6,test
12098,108,7,train
12099,108,8,test
12100,108,9,test
12101,108,10,test
12102,108,11,test
12103,108,12,train
12104,108,13,train
12105,108,14,test
12106,108,15,train
12107,108,16,train
12108,108,17,test
12109,108,18,test
12110,108,19,train
12111,108,20,test
12112,108,21,train
12113,108,22,test
12114,108,23,test
12115,108,24,train
12116,108,25,train
12117,108,26,test
12118,108,27,test
12119,108,28,test
12120,108,29,test
12121,108,30,train
12122,108,31,test
12123,108,32,test
12124,108,33,test
12125,108,34,test
12126,108,35,test
12127,108,36,train
12128,108,37,train
12129,108,38,train
12130,108,39,test
12131,108,40,test
12132,108,41,test
12133,108,42,train
12134,108,43,test
12135,108,44,test
12136,108,45,train
12137,108,46,train
12138,108,47,test
12139,108,48,test
12140,108,49,test
12141,108,50,test
12142,108,51,test
12143,108,52,train
12144,108,53,test
12145,108,54,train
12146,108,55,train
12147,108,56,test
12148,108,57,test
12149,108,58,test
12150,108,59,test
12151,108,60,test
12152,108,61,train
12153,108,62,train
12154,108,63,test
12155,108,64,test
12156,108,65,train
12157,108,66,train
12158,108,67,test
12159,108,68,test
12160,108,69,test
12161,108,70,test
12162,108,71,test
12163,108,72,test
12164,108,73,train
12165,108,74,test
12166,108,75,test
12167,108,76,train
12168,108,77,test
12169,108,78,test
12170,108,79,test
12171,108,80,test
12172,108,81,test
12173,108,82,train
12174,108,83,test
12175,108,84,test
12176,108,85,test
12177,108,86,train
12178,108,87,test
12179,108,88,test
12180,108,89,test
12181,108,90,train
12182,108,91,train
12183,108,92,test
12184,108,93,train
12185,108,94,test
12186,108,95,test
12187,108,96,test
12188,108,97,test
12189,108,98,test
12190,108,99,train
12191,108,100,test
12192,108,101,test
12193,108,102,train
12194,108,103,test
12195,108,104,test
12196,108,105,test
12197,108,106,test
12198,108,107,test
12199,108,108,test
12200,108,109,test
12201,108,110,train
12202,108,111,test
12203,108,112,test
12204,109,0,test
12205,109,1,test
12206,109,2,test
12207,109,3,test
12208,109,4,test
12209,109,5,test
12210,109,6,test
12211,109,7,train
12212,109,8,train
12213,109,9,train
12214,109,10,test
12215,109,11,test
12216,109,12,train
12217,109,13,test
12218,109,14,train
12219,109,15,test
12220,109,16,train
12221,109,17,train
12222,109,18,test
12223,109,19,test
12224,109,20,test
12225,109,21,train
12226,109,22,test
12227,109,23,test
12228,109,24,test
12229,109,25,test
12230,109,26,test
12231,109,27,test
12232,109,28,train
12233,109,29,test
12234,109,30,test
12235,109,31,train
12236,109,32,test
12237,109,33,train
12238,109,34,test
12239,109,35,test
12240,109,36,test
12241,109,37,test
12242,109,38,train
12243,109,39,test
12244,109,40,train
12245,109,41,test
12246,109,42,test
12247,109,43,test
12248,109,44,test
12249,109,45,train
12250,109,46,train
12251,109,47,test
12252,109,48,test
12253,109,49,test
12254,109,50,test
12255,109,51,train
12256,109,52,test
12257,109,53,train
12258,109,54,test
12259,109,55,train
12260,109,56,train
12261,109,57,test
12262,109,58,test
12263,109,59,test
12264,109,60,train
12265,109,61,test
12266,109,62,train
12267,109,63,test
12268,109,64,test
12269,109,65,train
12270,109,66,test
12271,109,67,test
12272,109,68,train
12273,109,69,test
12274,109,70,train
12275,109,71,train
12276,109,72,train
12277,109,73,test
12278,109,74,test
12279,109,75,test
12280,109,76,test
12281,109,77,test
12282,109,78,train
12283,109,79,test
12284,109,80,test
12285,109,81,train
12286,109,82,test
12287,109,83,train
12288,109,84,test
12289,109,85,test
12290,109,86,test
12291,109,87,test
12292,109,88,test
12293,109,89,test
12294,109,90,test
12295,109,91,test
12296,109,92,test
12297,109,93,test
12298,109,94,test
12299,109,95,train
12300,109,96,train
12301,109,97,train
12302,109,98,test
12303,109,99,train
12304,109,100,test
12305,109,101,test
12306,109,102,test
12307,109,103,test
12308,109,104,test
12309,109,105,test
12310,109,106,train
12311,109,107,test
12312,109,108,train
12313,109,109,test
12314,109,110,test
12315,109,111,test
12316,109,112,test
12317,110,0,train
12318,110,1,test
12319,110,2,test
12320,110,3,test
12321,110,4,train
12322,110,5,test
12323,110,6,test
12324,110,7,train
12325,110,8,test
12326,110,9,test
12327,110,10,test
12328,110,11,test
12329,110,12,test
12330,110,13,train
12331,110,14,test
12332,110,15,test
12333,110,16,test
12334,110,17,test
12335,110,18,train
12336,110,19,test
12337,110,20,train
12338,110,21,test
12339,110,22,test
12340,110,23,train
12341,110,24,train
12342,110,25,test
12343,110,26,test
12344,110,27,test
12345,110,28,train
12346,110,29,test
12347,110,30,train
12348,110,31,test
12349,110,32,test
12350,110,33,train
12351,110,34,test
12352,110,35,train
12353,110,36,train
12354,110,37,test
12355,110,38,train
12356,110,39,train
12357,110,40,train
12358,110,41,test
12359,110,42,test
12360,110,43,train
12361,110,44,test
12362,110,45,test
12363,110,46,test
12364,110,47,train
12365,110,48,train
12366,110,49,test
12367,110,50,test
12368,110,51,train
12369,110,52,test
12370,110,53,train
12371,110,54,train
12372,110,55,test
12373,110,56,test
12374,110,57,test
12375,110,58,test
12376,110,59,test
12377,110,60,test
12378,110,61,train
12379,110,62,train
12380,110,63,test
12381,110,64,train
12382,110,65,test
12383,110,66,test
12384,110,67,train
12385,110,68,train
12386,110,69,test
12387,110,70,test
12388,110,71,test
12389,110,72,test
12390,110,73,test
12391,110,74,test
12392,110,75,train
12393,110,76,test
12394,110,77,train
12395,110,78,test
12396,110,79,test
12397,110,80,test
12398,110,81,test
12399,110,82,test
12400,110,83,test
12401,110,84,test
12402,110,85,test
12403,110,86,test
12404,110,87,test
12405,110,88,test
12406,110,89,test
12407,110,90,test
12408,110,91,test
12409,110,92,test
12410,110,93,test
12411,110,94,test
12412,110,95,test
12413,110,96,test
12414,110,97,train
12415,110,98,test
12416,110,99,test
12417,110,100,test
12418,110,101,test
12419,110,102,test
12420,110,103,train
12421,110,104,test
12422,110,105,test
12423,110,106,test
12424,110,107,test
12425,110,108,train
12426,110,109,test
12427,110,110,test
12428,110,111,test
12429,110,112,test
12430,111,0,test
12431,111,1,test
12432,111,2,test
12433,111,3,test
12434,111,4,test
12435,111,5,train
12436,111,6,test
12437,111,7,test
12438,111,8,test
12439,111,9,test
12440,111,10,test
12441,111,11,train
12442,111,12,test
12443,111,13,test
12444,111,14,test
12445,111,15,test
12446,111,16,test
12447,111,17,test
12448,111,18,test
12449,111,19,test
12450,111,20,test
12451,111,21,train
12452,111,22,test
12453,111,23,test
12454,111,24,train
12455,111,25,test
12456,111,26,test
12457,111,27,test
12458,111,28,train
12459,111,29,test
12460,111,30,test
12461,111,31,test
12462,111,32,test
12463,111,33,test
12464,111,34,test
12465,111,35,test
12466,111,36,train
12467,111,37,test
12468,111,38,test
12469,111,39,test
12470,111,40,test
12471,111,41,test
12472,111,42,train
12473,111,43,test
12474,111,44,test
12475,111,45,test
12476,111,46,test
12477,111,47,train
12478,111,48,train
12479,111,49,test
12480,111,50,test
12481,111,51,test
12482,111,52,test
12483,111,53,test
12484,111,54,train
12485,111,55,test
12486,111,56,train
12487,111,57,test
12488,111,58,test
12489,111,59,test
12490,111,60,test
12491,111,61,test
12492,111,62,test
12493,111,63,test
12494,111,64,train
12495,111,65,test
12496,111,66,test
12497,111,67,test
12498,111,68,test
12499,111,69,test
12500,111,70,test
12501,111,71,train
12502,111,72,train
12503,111,73,test
12504,111,74,train
12505,111,75,train
12506,111,76,test
12507,111,77,test
12508,111,78,test
12509,111,79,test
12510,111,80,train
12511,111,81,test
12512,111,82,test
12513,111,83,test
12514,111,84,test
12515,111,85,test
12516,111,86,test
12517,111,87,test
12518,111,88,test
12519,111,89,test
12520,111,90,test
12521,111,91,test
12522,111,92,test
12523,111,93,test
12524,111,94,test
12525,111,95,test
12526,111,96,test
12527,111,97,test
12528,111,98,test
12529,111,99,train
12530,111,100,test
12531,111,101,train
12532,111,102,train
12533,111,103,test
12534,111,104,test
12535,111,105,train
12536,111,106,train
12537,111,107,test
12538,111,108,test
12539,111,109,train
12540,111,110,train
12541,111,111,train
12542,111,112,train
12543,112,0,test
12544,112,1,test
12545,112,2,train
12546,112,3,test
12547,112,4,test
12548,112,5,test
12549,112,6,test
12550,112,7,test
12551,112,8,test
12552,112,9,test
12553,112,10,test
12554,112,11,test
12555,112,12,test
12556,112,13,test
12557,112,14,test
12558,112,15,train
12559,112,16,test
12560,112,17,test
12561,112,18,test
12562,112,19,test
12563,112,20,train
12564,112,21,test
12565,112,22,train
12566,112,23,test
12567,112,24,test
12568,112,25,test
12569,112,26,test
12570,112,27,test
12571,112,28,test
12572,112,29,train
12573,112,30,test
12574,112,31,test
12575,112,32,train
12576,112,33,test
12577,112,34,test
12578,112,35,test
12579,112,36,test
12580,112,37,test
12581,112,38,train
12582,112,39,test
12583,112,40,train
12584,112,41,test
12585,112,42,test
12586,112,43,test
12587,112,44,train
12588,112,45,test
12589,112,46,test
12590,112,47,train
12591,112,48,train
12592,112,49,train
12593,112,50,train
12594,112,51,test
12595,112,52,test
12596,112,53,train
12597,112,54,test
12598,112,55,test
12599,112,56,test
12600,112,57,train
12601,112,58,test
12602,112,59,test
12603,112,60,test
12604,112,61,train
12605,112,62,test
12606,112,63,test
12607,112,64,test
12608,112,65,test
12609,112,66,test
12610,112,67,test
12611,112,68,test
12612,112,69,test
12613,112,70,test
12614,112,71,train
12615,112,72,train
12616,112,73,train
12617,112,74,train
12618,112,75,test
12619,112,76,test
12620,112,77,test
12621,112,78,test
12622,112,79,test
12623,112,80,train
12624,112,81,test
12625,112,82,train
12626,112,83,train
12627,112,84,train
12628,112,85,test
12629,112,86,test
12630,112,87,train
12631,112,88,train
12632,112,89,test
12633,112,90,test
12634,112,91,test
12635,112,92,test
12636,112,93,train
12637,112,94,test
12638,112,95,test
12639,112,96,train
12640,112,97,test
12641,112,98,train
12642,112,99,test
12643,112,100,test
12644,112,101,test
12645,112,102,train
12646,112,103,train
12647,112,104,train
12648,112,105,test
12649,112,106,test
12650,112,107,test
12651,112,108,test
12652,112,109,train
12653,112,110,test
12654,112,111,train
12655,112,112,test
